,content,type,word
0,ガイジ,1,ガイジ
1,くどい,1,くどい
2,偽物　ただの釣り動画,1,偽物
3,振り付けダサイ,1,ダサ
4,男きも,1,きも
5,糞みたいな店員だな,1,糞
6,死ね,1,死ね
7,人間のクズが,1,クズ
8,もものこえきもい,1,きもい
9,いい加減にしろｋｓがｗ,1,ks
10,初代エウレカとかごみだろあほ,1,ごみ
11,センスないわ,1,センスない
12,見えないから無意味ゴミ動画,1,ゴミ
13,なんだこいつ,1,なんだこいつ
14,鼻クソでキープしろ,1,クソ
15,スロ動画で今まで見てきた養分群でぶっちぎり一番最低の光景やでコレ,1,最低
16,バカだろ,1,バカ
17,ハゲやん,1,ハゲ
18,30として弱いってだけで20と並べるとかアホか,1,アホ
19,やり返しってか？醜いね。,1,醜い
20,この人魚ポンコツすぎんぞ,1,ポンコツ
21,燃えｋｓすこ、こびドルひで,1,ks
22,これは腹立つ,1,腹立つ
23,たひね,1,たひね
24,引くこと覚えろカス（AHGN）,1,カス
25,ゴミだよ,1,ゴミ
26,おっそ,1,おっそ
27,ファンうるっさ！！！,1,うるっさ
28,つまんねー台だなー,1,つまんね
29,編集ゴミなんだけど,1,ゴミ
30,ホント編集ｋｓ,1,ks
31,店酷すぎやろが,1,酷すぎ
32,これは互いにDQNだなぁ,1,DQN
33,惰性で見てるけど、この番組全然おもしろくないよな,1,おもしろくない
34,コイン持ち悪いし当たっても出ないし糞台だなｗ,1,糞
35,態度わりーな女,1,態度わり
36,ヤローぶっ殺してやらー,1,殺
37,こういうとこの求人って馬鹿でも募集してるからしゃーない,1,馬鹿
38,この台キモいな,1,キモ
39,パチンカスが常識人ぶるなよ,1,カス
40,店員最低,1,最低
41,なんもおもしろくない,1,おもしろくない
42,ぶっさいなー野中,1,ぶっさ
43,産業スパイ,1,産業スパイ
44,面白くない上に編集技術のない奴が作った動画,1,面白くない
45,ナイヲのパワハラと無能さが際立ってきた,1,無能
46,なにいってんだこいつ,1,こいつ
47,ないおみたけどブサメンやからなww 顔だせんくらい,1,ブサ
48,ファンの奴うるせ～～ ww　とか最低www,1,うるせ
49,サイコパス,1,サイコ
50,これゴミだろ,1,ゴミ
51,ざこ,1,ざこ
52,シスコン野郎!!!!!!,1,シスコン
53,ゴミじゃねぇか,1,ゴミ
54,ほんまに、なんであんな終わってる台を導入するのかわからん,1,終わってる
55,あーつまんね,1,つまんね
56,きも,1,きも
57,後ろから適当に撃ってるだけのクソｗｗｗｗｗｗｗ,1,クソ
58,ド田舎すぎるな,1,ド田舎
59,ないおがキモいからやろ,1,キモ
60,糞軍団晒せよ,1,糞
61,あのゴミ達を何に使うのだろうか,1,ゴミ
62,糞店,1,糞
63,ＴＴの日本語ダサい,1,ダサ
64,ks,1,ks
65,なんだこのクソ編集は,1,クソ
66,くさそう,1,くさそう
67,おいてくれって言ったなら店がゴミだな,1,ゴミ
68,糞台ってより店しだいかなあ　マド２,1,糞
69,世論調査はマスゴミの情報操作,1,ゴミ
70,価値低そうな女だったし,1,価値低
71,池沼は一つの物事に異常なほど執着し続けるからね　しょうがないね,1,池沼
72,ゴリラ映ったぞ,1,ゴリラ
73,何で当たったかわかんないから面白くない,1,面白くない
74,これはロリコンですわ,1,ロリコン
75,ふつうにクソ台やろ,1,クソ
76,あーころす,1,ころす
77,振りだっせえ・・・,1,だっせ
78,ファンうるさい！！ww,1,うるさい
79,サイコパス気質なんだろ,1,サイコパス
80,前でるとかアホかな？,1,アホ
81,サイコパスじゃねーかｗｗｗｗ,1,サイコパス
82,キチゲエが,1,キチ
83,テスト期間中にこれ書いてるだけで十分バカなんだよなぁ,1,バカ
84,女の方が舐めとるやろ,1,舐めとる
85,下手糞な編集すんなや・・・,1,下手糞
86,この魚ポンコツやな,1,ポンコツ
87,北斗に比べて低設定の誤爆がないからボッタ地域じゃゴミカス評価だな,1,ゴミカス
88,『カメラ下手かw』っていった人、そんな上から言えるってことは、カメラマンさん？笑　めっちゃガキ…笑,1,ガキ
89,黒く塗りつぶした方が見栄えが良くなるところまで描いちゃってるから上手くはない,1,上手くはない
90,見るだけ無駄な時間だった,1,無駄
91,レインコート兄貴いい加減にしろ!,1,いい加減にしろ
92,ファンの奴うるせ～～  ww,1,うるせ
93,なにこのごみ,1,ごみ
94,超絶ｋｓ店だこれわ,1,ks
95,ごっみ,1,ごっみ
96,グッピー普通に下手くそだからな,1,下手くそ
97,←「じゃあお前がやれ」って擁護は馬鹿すぎるからやめてくれ,1,馬鹿
98,オワコン,1,オワコン
99,なら自分で描いてネットに載せろ9ず,1,9ず
100,ホモはせっかち,1,ホモ
101,雑魚視点,1,雑魚
102,有名なクソ店,1,クソ
103,お、ホモカップルか？,1,ホモ
104,着地取る気もなく射撃垂れ流してただけのゴミだったな,1,ゴミ
105,ヤリマンもんじゃ店,1,ヤリマン
106,結果書くなアホ,1,アホ
107,誰かゴミ広いしてやれや,1,ゴミ
108,弱すぎ,1,弱すぎ
109,雑,1,雑
110,謎あたりってなんだよ・・・単独だろうがゴミ,1,ゴミ
111,釣りは死ね,1,死ね
112,これあほほどくるよな,1,あほ
113,↑少女時代バカにすんな。,1,バカ
114,よわすぎ,1,よわ
115,チキンども,1,チキン
116,雑い,1,雑
117,カッコいい馬鹿,1,馬鹿
118,ヲタ怖すぎwwwwwwwwwwwwwwwwwwwwwwwwwwwwwwwwww,1,ヲタ
119,頭おかしいな,1,頭おかしい
120,まあ糞台だけどなｗ,1,糞
121,掛け声ださ,1,ださ
122,さっさと動画説明文のうんこちゃんを消せ,1,消せ
123,無資格でしょ,1,無資格
124,変態ロリコン（勘違い）レズ野獣部長ぼろくそ言われてて草萌ゆる（古文）,1,変態
125,ユニバの台なんて全部ゴミだろ,1,ゴミだろ
126,なんでこんなクソ編集なん,1,クソ
127,あほ,1,あほ
128,さやカスｗｗ,1,カス
129,掛け声うるさい！,1,うるさい
130,やる気ないな、このもんじゃ女,1,もんじゃ女
131,あの「タイミングで座ったからでたんだろうがゴミが,1,ゴミ
132,トリ頭だから言ってんだろ,1,トリ頭
133,北斗はつまんねーし出ねえし,1,つまんね
134,ゲームやめろ,1,やめろ
135,画質わるくね,1,わる
136,禿バンク,1,禿
137,最低,1,最低
138,chappyうざいしな。。,1,うざい
139,にどみつまんなくなたったな,1,つまんな
140,かまってちゃんだなぁ,1,かまってちゃん
141,無駄金,1,無駄
142,タマなし野郎が勝てないのは当然,1,タマなし
143,コジマ頭悪そう,1,頭悪
144,低レベルな店やなー,1,低レベル
145,馬鹿馬鹿しい,1,馬鹿
146,ちかいてうるさい。,1,うるさい
147,応援してる人の声キモい,1,キモ
148,仕事なめてる？,1,なめてる
149,↑ダサいのはわかる↑,1,ダサ
150,メンヘラ,1,メンヘラ
151,ぶっさ,1,ぶっさ
152,分かるかボケ,1,ボケ
153,今すぐ投稿やめて首でも吊って4ねや,1,4ね
154,レベルひくいなぁ,1,レベルひく
155,まともなはずのキャラがサイコパス設定デフォになるともう末期なんだなって思うわ,1,サイコ
156,絵に描いたようなBITCH,1,BITCH
157,ごみかよ,1,ごみ
158,編集酷いよなここ最近特に,1,酷い
159,接客舐めてんのかこの女、あー舐めてるからこんな仕事してんのか,1,舐めてんのか
160,隣みたいにタバコ上げたまま打つ猿消えてくんねーかな,1,猿
161,本当にクソみたいな立ち回り,1,クソ
162,ｶｽども,1,ｶｽ
163,やるおネタばれやめろや死ね,1,死ね
164,ひでーな,1,ひで
165,なんかすげー気持ち悪い,1,気持ち悪い
166,何で最近全部このクソ編集なの？,1,クソ
167,例の糞やんけ,1,糞
168,気持ち悪い女,1,気持ち悪い女
169,下手すぎ,1,下手すぎ
170,まじざけんな,1,ざけんな
171,ほんとこいつはカス,1,カス
172,この精神リソース使いまくった直後にくるとはいやらしい,1,いやらしい
173,マジ無能,1,無能
174,中将なのになにいってんだごみ,1,ごみ
175,だから何でこうなったんだよ編集クソすぎんよ,1,クソすぎ
176,でぶおが最近うるさい,1,うるさい
177,まあ不細工二人やからつまらんのよ!,1,不細工
178,燃えてないからタイトルヤルヲのカスで,1,カス
179,語彙力無振りか,1,語彙力無
180,釣りかよ死ね,1,死ね
181,くそみせｗ,1,くそ
182,きたない,1,きたない
183,おもろくない,1,おもしろくない
184,は？店が指示出してんの？アホちゃう？,1,アホ
185,糞釣りゴミ動画,1,ゴミ
186,気持ち悪…,1,気持ち悪
187,自分を強者だと思ってる勘違い野郎,1,野郎
188,殺されてぇかお前ら…,1,殺
189,変態ロリコン姉貴は帰って、どうぞ（無慈悲）,1,変態
190,ファン黙れ,1,黙れ
191,蒲生がいちばんｋｓだけどな,1,ks
192,ガンイージザコすぎ,1,ザコ
193,　むしろクソマズなんだよなぁ・・・・,1,クソ
194,うぜぇw,1,うぜ
195,女の子の日かな？,1,女の子の日
196,ごみかとオモタ,1,ごみ
197,レインコート兄貴の動画は詰まらん（莫の村を作った作者に謝れ！）,1,詰まらん
198,消えろカス,1,カス
199,ヤリマンアバズレクソビッチ,1,ビッチ
200,影で文句言ってないでさっさと辞めればいいだろオルァン！！,1,辞め
201,何だ乞食動画かよ,1,乞食
202,雑魚過ぎw,1,雑魚
203,文脈を読み取る力が弱いなコジマ,1,弱い
204,総無能,1,無能
205,じゃあ聞くけど自分がライブとか行ったとき掛け声せぇへんの？うるさいとか言うねんやったら他の動画みとけば？そんなんも考えられないの？文句がガキ並みやで？,1,ガキ
206,ごみすぎる,1,ごみ
207,ないおがつまらないのが原因,1,つまらない
208,ゴミみたいな店だな絶対行かないわこんな店,1,ゴミ
209,↑ファンうるさい！！！！　とか最低！！！,1,最低
210,がいじだらけ,1,がいじ
211,のけデブでわろた,1,デブ
212,脳みそなかったらコメ打てないだろ。ネタでもつまらんよ。,1,つまらん
213,並びはクソ,1,クソ
214,なにこのクソ店,1,クソ
215,狂ってるｗ,1,狂
216,さすが柏、ゴミだなw,1,ゴミ
217,釣り兄貴に同情はしないけど自分をウルヴァリンする場合執着がない方が池沼だと思うんですけど（名推理）,1,池沼
218,やらせ,1,やらせ
219,なんじゃこりゃ　ひでー店だな,1,ひで
220,うんこ,1,うんこ
221,これはロリコン,1,ロリコン
222,編集へったくそ,1,へった
223,ざっこ,1,ざっこ
224,釣り動画,1,釣り
225,カメラ下手,1,下手
226,編集クソになったな,1,クソ
227,ひでぇ店だな,1,ひで
228,死んだら？,1,死んだら
229,エピオンのE覚マジでウザい,1,ウザ
230,サイコじゃねーか！,1,サイコ
231,オワコンホクロ,1,オワコン
232,通信つまんな,1,つまんな
233,ブス,1,ブス
234,ゴミ台よ,1,ゴミ
235,最悪だな ここ行く客も頭おかしい,1,頭おかしい
236,うぜえええええええええええ,1,うぜ
237,民度ゴミすぎる・・・,1,ゴミ
238,クソフトバンクを叩き潰せ,1,潰せ
239,馬鹿だらけだわな,1,馬鹿
240,マイクは超能力者じゃねえよポンコツ,1,ポンコツ
241,ボルト戦闘シーンよくないよな、作画かわって,1,よくない
242,ハゲ隠し,1,ハゲ
243,動画消せ,1,消せ
244,無法ゴミ,1,ゴミ
245,ヤク中,1,ヤク中
246,ただのきもでぶだったか,1,きもでぶ
247,ダイジェストはっかで動画みる意味ないわ,1,意味ない
248,バカが多いかも,1,バカ
249,編集も打ち手もゴミだな（呆れ）,1,ゴミ
0,なにこの糞ゲー,1,
1,ちょっと蛇足気味だな・・・,1,
2,蛇足は同意,1,
3,蛇足っていってるヤツはJazzのライブを聞いたことがない奴,1,
4,蛇足っつう～かﾗｲﾌﾞｱﾚﾝｼﾞのお約束みたいなもんだろ,1,
5, クラップうざいな,1,
6,クラップ誌ね,1,
7,またろう単調でヘタ,1,
8,あかいひとおどってばっか,1,
9,馬鹿ってアホか。一言多いんじゃねえ？,1,
10,なんかもたってる感じがするのは俺だけ？？,1,
11,カメラぶれすぎ,1,
12,手ブレ修正しろ,1,
13,テンポ遅いな…,1,
14,何度聴いても手拍子がイタイ,1,
15,アニオタＫＹ過ぎる,1,
16,手拍子ないな,1,
17,コレがジャズじゃないという奴は逆にJAZZを理解してない,1,
18,手拍子死ね,1,
19,手拍子でリズム狂う奴は修行が足りない,1,
20,動画を黙って見ることのできない奴が一番痛い,1,
21,これjazzじゃねーだろーが,1,
22,もたってるのは手拍子のせい？,1,
23,手拍子に過剰反応してるのも似たようなもんだろ・・,1,
24,カスとかうぜえ素人も見れる動画サイトなんだよ察しろ,1,
25,手拍子に釣られる時点でミュージシャンかホントに疑わしいけどな,1,
26,困るってよりダサイな手拍子,1,
27,どうせならレベル上げろよ,1,
28,あと一歩なのに・・・,1,
29,いらないだろ,1,
30,勇者ってこの程度なんだな,1,
31,普通これだけ死んだら飽きるよな,1,
32,ほしふるうでわっていらないんじゃない？,1,
33,↓お前毎回なんなの？消えろよ,1,
34,↓同意…意味もわからんし,1,
35,↑氏ね,1,
36,ゆとりだろうがゆとりじゃなかろうがイタイ奴はイタイ,1,
37,なんで宝箱とらないの？,1,
38,ここタネ類多いからもっと取れよ,1,
39,そうびしろよ,1,
40,取れよ,1,
41,センスねぇな･･･,1,
42,これは凄ぇぇ！　低画質なのがおしいな,1,
43,素材がちと惜しいかも知れん,1,
44,下の歌詞がサブいんだよなぁ・・・,1,
45,演説シカト・・・・,1,
46,元を知らないってどんだけゆとりだよ,1,
47,劇場版の方が良いな,1,
48,知らないのはゆとりでも十分恥ずかしいと思うが・・・,1,
49,お前らの脳内では否オタ＝ゆとりなのか,1,
50,TV版は微妙,1,
51,バカチョン死ねよ,1,
52,糞チョン死ね,1,
53,バカチョンを皆殺しにせよ！！！！,1,
54,朝鮮民族を皆殺しにせよ！！！！！！！！,1,
55,画質・・・,1,
56,音悪い,1,
57,ちょっと早口だね,1,
58,反日とか反韓やら、反中とか言ってるバカな連中は、どこの国にもいるもんだな,1,
59,はいはい扇動乙,1,
60,SEEDごみだ,1,
61,これはダメかもわからんね,1,
62,これは流行らない,1,
63,これは重症ですね,1,
64,繋ぎがいまひとつだな,1,
65,これは駄目にしても、釘宮でループつくりたいな,1,
66,やよいのワンツーには勝てないな･･･,1,
67,まず始末書を書け,1,
68,つなぎあまくね？,1,
69,修行にはもってこいだな,1,
70,これはもうだめかもわからんね,1,
71,ここじゃないループだったらよかったような,1,
72,たまに繋ぎが変だな,1,
73,これはひどい,1,
74,へたすぎ。,1,
75,かおだすなきもい,1,
76,保志以外キモス,1,
77,本家のがいいな,1,
78,MADなら切り貼りだけじゃなくて組んでくれ,1,
79,重すぐる・・・・・・・・・。,1,
80,歌詞は合ってるんだけど映像がマッチしていないね・・・,1,
81,Fragment　～Shooting star of the origin～のほうが合うと思うんだが,1,
82,悪くはないな・・・,1,
83,重いな・・・,1,
84,速度かえればなんでもあうんじゃないかとおもうんだが,1,
85,魔理沙のほうの音いれわすれてねぇ？,1,
86,げーじが,1,
87,橘さん！なぜそれを使うんです！,1,
88,火力ひくっ,1,
89,画像汚い,1,
90,ある意味これでも良くねえ？,1,
91,あんま編集うまくないね,1,
92,やっぱこういうの見ると今のＲＰＧって…,1,
93,やっぱクロノトリガーを超えるRPGはないな…,1,
94,未来変わったのに何故あの服なんだ・・・,1,
95,作者の人気に嫉妬,1,
96,でもさ、当時は絶賛されてたわけじゃないよな、クロノトリガーって,1,
97,最近のＲＰＧは・・・見習って欲しいな・・・,1,
98,なにやら作者もゲームも神格化しすぎの馬鹿がいますね＾＾；,1,
99,作者は別に凄くないから,1,
100,これこそが本来のゲームとか思い込んで今の作品を否定する奴死んでね,1,
101,大多数のカスが崇拝しすぎて萎えるわ,1,
102,流れに合わせてるだけの奴は死ね,1,
103,懐古厨キモイですぅ,1,
104,さっき言われていた複数ある流れの中の一つ、、、なんだが寄りによってあんな鬱ストーリー持ってこなくても('A`),1,
105,ここまできて、なにしとる,1,
106,まぁどうせ勝つんだからつまらんな,1,
107,なんで逃げないの?,1,
108,はぁ・・・・つまらん,1,
109,↓いいから氏ね,1,
110,↓うざい,1,
111,正直やくそうじゃ使ってもあんまり効果なさそうだしな,1,
112,乱数調整厨は無視で,1,
113,チートとかアホが湧いてると思ったらＩＤ開放したのか,1,
114,↓お前がしねゆとり,1,
115,↓いいからお前は死ね！,1,
116,チートとかいってる奴かわいそう,1,
117,なんでこれまでの見てない子がこんな多いんだ,1,
118,これカットしたら動画の価値がなくなるだろう,1,
119,↑いいからお前は死ね！,1,
120,これはヤラセ臭ぇーな。状態保存してリプレイ繰り返したんだろ,1,
121,所詮リプレイ,1,
122,画質悪いな,1,
123,何かあるとすぐチートだヤラセだほざき出す無能ゆとりﾜﾛｽｗｗｗｗ,1,
124,画質が落ちてるな,1,
125,武道家の改心連発を知らないやつはゆとり,1,
126,中国かわいそす,1,
127,君は社交辞令という言葉を知っているかね？,1,
128,こいつ新人なのに金持ってんな・・・,1,
129,まあ高々数千円だしなぁ…忙しくて金使う間もないんだろう…,1,
130,正装とまではいかなくても…この格好でこれる店には…,1,
131,ここでコケろ,1,
132,プロデューサーのイントネーションおかしいよね？,1,
133,なんか切り方激しくなかった？,1,
134,ダメに決まってるだろ,1,
135,仕事中に電話かけてくんなっつの,1,
136,この発言はＰに失礼すぎるのでは,1,
137,タグが厳しすぎる,1,
138,もっと上につれていけってことですね,1,
139,お前の給料ならそんなもんかと思って・・・,1,
140,ﾊﾙﾙﾝﾓ､ｶﾜｲｲﾃﾞｽﾖ,1,
141,結局皆愚民,1,
142,センスは無いよな,1,
143,普通のレストランだろうな、周りの音が五月蝿いし,1,
144,何が黒だ　死ね,1,
145,下コメするバカ死なないかなあ,1,
146,幼児,1,
147,この画質、何がおもしろいのかわからん,1,
148,何これ？つまらんすぎて意味ふ,1,
149,Y.S-Yさん空耳動画はどうしたんですか？(笑)叩かれて逃げちゃいましたか(笑),1,
150,やべぇ,1,
151,ＹＳのカスはくたばれよ,1,
152,犯罪者乙,1,
153,身内しか楽しめない動画だな,1,
154,なにがおもしろいの？,1,
155,まあ犯罪者だもんな,1,
156,くだらん,1,
157,つまんね,1,
158,意味不,1,
159,"馬鹿らしい…(-д-"")",1,
160,誰が得するのこの動画,1,
161,コメない,1,
162,Y.S-Yって死んだ人？,1,
163,こんな身内動画アップしてどうするの？,1,
164,薫:くだらない(-_-),1,
165,Y.S帰れ！！,1,
166,なにこれ,1,
167,意味不明,1,
168,バカバカバカ！,1,
169,ありえねｪ,1,
170,つまんねー,1,
171,はっっっ‥？,1,
172,会話がよく聞こえん,1,
173,こいつらバカだろう,1,
174,なにこれ,1,
175,きもε=┏(;￣▽￣)┛,1,
176,何これ！,1,
177,アホらしい,1,
178,あほ,1,
179,バカ！,1,
180,オモシロくない,1,
181,バカ,1,
182,つまんない,1,
183,わいえすキモいよ死ねよ,1,
184,なにこれ？,1,
185,くだんねー,1,
186,音ゲーしかできないくず,1,
187,おもんない,1,
188,幼稚ですか？？？,1,
189,そうゆうノリ方しかできないんですねわかります,1,
190,ノリがわからん,1,
191,きたない,1,
192,誰得動画だ？,1,
193,焼き肉はへたくそだな,1,
194,低レベル,1,
195,なんだ身内動画か,1,
196,声がキモい人がキモいアップすんなカスカスカスカスカスカスカスカスカスカスカスカス,1,
197,眼鏡男キモいからｶｽｶｽｶｽｶｽｶｽｶｽｶｽｶｽ,1,
198,全然面白くねーし,1,
199,元曲知らないのが痛いな,1,
200,いっぺん死んでみる？＾＾,1,
201,んー。。。なんかなぁ・・・,1,
202,ばーさん達うざい,1,
203,タグがひどい,1,
204,タグがわからない,1,
205,死ね死ね死ね死ね死ね死ね死ね死ね死ね死ね死ね死ね死ね死ね死ね死ね死ね死ね死ね死ね死ね死ね死ね死ね死ね死ね死ね死ね死ね死ね,1,
206,明日、殺します,1,
207, タイペイ さん死ね,1,
208,なんだろ・・・これ・・・,1,
209,死ね,1,
210,死ねぇ,1,
211,死ね死ね言ってる奴はタミフルゆとり,1,
212,　なにこれ？,1,
213,誰がどの口で抜かすんだてめぇ,1,
214,パクリネタいつもお疲れ様です＾＾,1,
215,ここのステレオサウンドが気持ち悪いんだなぁ,1,
216,ジールのような糞虫はどんな時代にもかならずいるんだなぁ,1,
217,曲ちがくね？,1,
218,うp主はやりこんでないですね,1,
219,つまらねえコメ連発すんじゃねえよボケ,1,
220,灰かよ,1,
221,時報自重,1,
222,ボーカル下手すぎ,1,
223,ずれすぎ,1,
224,へ　た　く　そ,1,
225,これはひどい・・・・,1,
226,英語ぐダグダ,1,
227,リズム感がない,1,
228,演奏ばらばら,1,
229,音質わるいなあ,1,
230,音悪すぎ,1,
231,何言ってんだろ？,1,
232,胸糞悪い演奏だな,1,
233,サビしかいえてねぇ,1,
234,コーラス以前の問題だ　バカ,1,
235,速すぎ,1,
236,何なのかが良く分からない・・・。,1,
237,理解できない,1,
238,だから何？,1,
239,あんちにぃーじゃないか,1,
240,子供達にあやまって、そして芸能界に二度と現れるな！,1,
241,すねお　死し死しシシしし視し,1,
242,ゆとりにでもわかるっつーのｗお前が馬鹿,1,
243,しね,1,
244,呪われる・・・,1,
245,なにこの曲、、、。,1,
246,恐ろしい・・・,1,
247,きもい＾＾,1,
248,こわいんだけど,1,
249,鬱になる・・・orz,1,
250,今日は変なのが沸く日だな,1,
251,すまない。音楽だけいただく。,1,
252,呪われる,1,
253,能登の演技は下手すぎ,1,
254,声優やめろって感じ,1,
255,恐怖,1,
256,畏怖,1,
257,呪詛,1,
258,※本当に怖いのはあなたです,1,
259,なんか寒気してきたんだけど・・・,1,
260,これは･･･怖い･･･,1,
261,マジで呪われるぞ,1,
262,お祓いしなきゃ･･･,1,
263,リアルで怖い,1,
264,↑よくそんな顔できもいなんて口にできるな,1,
265,この速さの方良いよな,1,
266,赤青うざっ,1,
267,女死ね,1,
268,あの女ワガママにもほどがあるな,1,
269,なんかすっげえオタクっぽいよなあ・・・主人公,1,
270,マスゴミうぜえええええええええええええ,1,
271,つかえねぇ,1,
272,死ね,1,
273,こいつうぜええええええええ,1,
274,楽に逝けてよかったね,1,
275,トミー無情すぎ,1,
276,ばばあ逝ったな,1,
277,で？,1,
278,死ぬの？？,1,
279,あーあ・・・死んだ,1,
280,なんでこんなとこいってんの？,1,
0,いまいち,1,-1
1,想像つくだろ,1,-1
2,無駄,1,-1
3,パクりじゃねーかよ,1,-1
4,かみ合わない実況,1,-1
5,ガチャプレイきもいです,1,-1
6,なんかフォントが安っぽいな,1,-1
7,お前のコメントがきもいです,1,-1
8,全体レベルひくっ,1,-1
9,真ん中の男いらね,1,-1
10,腹から声出せや,1,-1
11,ブス女の嫉妬が臭いｗ,1,-1
12,女ども嫉妬で発狂,1,-1
13,悪コメする人はブスでデブな人です。,1,-1
14,自分が好きならいいじゃん、アンチに対して嫉妬とか自分の価値観を押し付けるなよ荒らすなよ迷惑,1,-1
15,いいこと教えてあげる　　　　　嫉妬してる奴は外も中もブス,1,-1
16,こんな低レベルが評価されるとかﾜﾛﾀ,1,-1
17,お前ホモかよぉ！,1,-1
18,こいつきもい,1,-1
19,おいうp主糞萌え豚アニメと混ぜんな,1,-1
20,おもんねーから,1,-1
21,おまけくそつまらん,1,-1
22,最後のおまけで台無しだわ　センスなさすぎ,1,-1
23,可愛いけど微妙,1,-1
24,へた,1,-1
25,低いすぎかな,1,-1
26,読点入れすぎや説明文,1,-1
27,うぜぇ・・・,1,-1
28,ここのサークルは、歌はいいのに曲がしょぼい,1,-1
29,ほっとんど好かれてないんだよなこの人,1,-1
30,ゲスヤロウは死ねよ,1,-1
31,淫夢厨しね,1,-1
32,音程ずれずれ。もっと原曲聞け,1,-1
33,顔でかすぎｗ,1,-1
34,ごみ,1,-1
35,この人でなし！,1,-1
36,ディズニーバカ,1,-1
37,主コメ二次元とか何言ってんの？ちゃんと歌詞聴いて考えてから歌えks,1,-1
38,しかも下手,1,-1
39,シーモアうぜえ,1,-1
40,ﾋﾞｯﾁ４ね,1,-1
41,頭固すぎワッカ,1,-1
42,募金かよ,1,-1
43,ワッカうぜぇわ,1,-1
44,やっぱ女ってｋｚだわ,1,-1
45,宗教ズうぜえな,1,-1
46,自分で考えることもできないのかこのカブトムシ,1,-1
47,こいつら顔一緒じゃん,1,-1
48,ワッカ４ね,1,-1
49,やっぱり女は屑,1,-1
50,ネタに決まってんだろ,1,-1
51,帰って、どうぞ,1,-1
52,ワッカ死ね,1,-1
53,うっさ,1,-1
54,ここ地味に長いから嫌い,1,-1
55,アーロンざっこ,1,-1
56,腹から声出せ,1,-1
57,キマリはgm,1,-1
58,強打がやかましいな,1,-1
59,手キモｗ,1,-1
60,視線なんて見えねーだろ,1,-1
61,だれだおまえは,1,-1
62,声が小さいね 再投稿願います,1,-1
63,きめえ,1,-1
64,負け犬の遠吠えじゃんｗ,1,-1
65,もうちょい練習しようか,1,-1
66,よわｗｗｗ,1,-1
67,アブ４ね,1,-1
68,クソガキ、クソガキを語るクソガキにクソガキを語る,1,-1
69,どんだけ時間かかってんだよ,1,-1
70,ワッカうぜぇ,1,-1
71,こえきも,1,-1
72,偽物めっ,1,-1
73,は？,1,-1
74,これきらい,1,-1
75,アバターやめろ,1,-1
76,ここだいきらい,1,-1
77,安物すぎィ！,1,-1
78,きたない,1,-1
79,うーん微妙,1,-1
80,きめーな,1,-1
81,プレイ動画ならちゃんとタグつけて,1,-1
82,ぶっさいくｗ,1,-1
83,馬鹿でブスばっか調子のりすぎ,1,-1
84,だせえ,1,-1
85,ぶっさ,1,-1
86,よえええ,1,-1
87,そんな事お前が決めんなよヴォケナス,1,-1
88,エンコもまともに出来ないクソムシは動画あげんなよ,1,-1
89,ゴミ動画,1,-1
90,こいつ死ぬべき,1,-1
91,彼女すらいない人間からすれば死んでもらいたい,1,-1
92,恥ずかしく無いのかよ,1,-1
93,や～い、乗っ取られてやんの,1,-1
94,噛みすぎわろろ,1,-1
95,きっめえ,1,-1
96,下手すぎw,1,-1
97,捨てゲーするならイベやるなゴミ！,1,-1
98,へたくそが！,1,-1
99,おもしろくない,1,-1
100,きもい,1,-1
101,死刑,1,-1
102,下手,1,-1
103,きもい・・・,1,-1
104,お前は年がら年中頭がおかしい,1,-1
105,きもすぎわろたｗｗｗ,1,-1
106,髪型きしょい,1,-1
107,うるせえよカタカタ先輩,1,-1
108,馬鹿野郎,1,-1
109,うるせーな,1,-1
110,くだらないコメントが上がるのはあなた自身の問題だと思いますよ～,1,-1
111,お前が４ねやカス,1,-1
112,こいつほんまうざい,1,-1
113,もうさ、死ねば,1,-1
114,こんなクズ相手すんなよｗｗ,1,-1
115,主確かにキモい,1,-1
116,こいつキモいー,1,-1
117,赤字ってうざいやつしかいないな,1,-1
118,きもいいいいいいい,1,-1
119,気持ち悪い,1,-1
120,佐川はマジで死んで欲しい,1,-1
121,誤字ワロタｗｗ,1,-1
122,へたくそ,1,-1
123,へたくそやめてまえ,1,-1
124,こんなふうにやるならやらないほうがまし,1,-1
125,これ連環いらないでしょ,1,-1
126,弓にすればよかたのに,1,-1
127,これで負けんのかよ,1,-1
128,せっかくのアドバイスに聞く耳もたなすぎ,1,-1
129,在日市ね,1,-1
130,池沼タヒね,1,-1
131,熊かわいくないw,1,-1
132,遅いよバカー！,1,-1
133,5分戦だしもっとガツガツ戦った方がいいと思います,1,-1
134,ショットガン以前に立ち回りが酷い…,1,-1
135,うざい,1,-1
136,ほんとに頭わりーな・・・,1,-1
137,うわっきもっ帰るわ,1,-1
138,バカだから,1,-1
139,クズめ,1,-1
140,ざっまあみろ,1,-1
141,可愛そう、てかコーチ死ね！,1,-1
142,連携悪いな,1,-1
143,いきなり誤字かよ,1,-1
144,お互い下手すぎるわ,1,-1
145,これはひどい,1,-1
146,引退しろやくず,1,-1
147,しね,1,-1
148,もう動画あげるな,1,-1
149,下手すぎわろた,1,-1
150,マジで下手くそだな,1,-1
151,相方のこと考えないんだったらやめろ,1,-1
152,周り見てなさすぎ,1,-1
153,質問が下手糞だね,1,-1
154,アホすぎ,1,-1
155,画質が・・・,1,-1
156,おせええええええ,1,-1
157,そらパクリだもん,1,-1
158,は?,1,-1
159,へた,1,-1
160,なんだこのデブ,1,-1
161,うまいんだけど息の切り方が微妙かな,1,-1
162,バカにつける薬はない,1,-1
163,もういい加減男いらねぇからところ構わず出てくんなよ　しね,1,-1
164,きもい,1,-1
165,いちご死んで欲しい,1,-1
166,いちごバカだよね,1,-1
167,きも,1,-1
168,気持ち悪い！,1,-1
169,シネ,1,-1
170,死んで？,1,-1
171,きも,1,-1
172,しね,1,-1
173,気持ち悪い曲,1,-1
174,しかしクソの役にも立ってねえなぁｗ,1,-1
175,どうやっても墓回避できないとかクソゲーすぎる,1,-1
176,馬鹿じゃないのかこんな動画うｐするなんて,1,-1
177,著作権厨に人権はありませーんwww,1,-1
178,著作権厨ざまあwww,1,-1
179,ざまあwwwww,1,-1
180,手首とか弐寺やる資格ねーよ。しねよ,1,-1
181,引退しろキモオタ,1,-1
182,きめー,1,-1
183,ただの泣き虫,1,-1
184,ざこ確定,1,-1
185,お前人のこと言えたプレイしてないぞ?wwww,1,-1
186,名前きもい不快だった動画消してほしい,1,-1
187,ez8下手すぎ,1,-1
188,下手そしてアバがださい,1,-1
189,さすがにきもいｗｗ,1,-1
190,ほんと下手だな。味方よくがんばってるな。,1,-1
191,これでわからない方がバカなの？W,1,-1
192,見にくんなクズ,1,-1
193,きたない,1,-1
194,下手っつうかなんつうか・・・少し声遅れてる感があるな,1,-1
195,聞こえないし、うまくないし、つまらん,1,-1
196,こえちっせぇんだよざこ,1,-1
197,正直女じゃなかったらだれもみねーぞこの内容,1,-1
198,アスペだろ,1,-1
199,下手ｗｗｗ,1,-1
200,長友と仲良いとか関係ねーよカス,1,-1
201,当たり前じゃねーだろカスｗ,1,-1
202,マジキチ,1,-1
203,音うるせえよ,1,-1
204,バカが,1,-1
205,口悪すぎだろしね,1,-1
206,しこってろホモガキ,1,-1
207,きもぼ,1,-1
208,しこってろハゲ,1,-1
209,きもいよーー,1,-1
210,はげ,1,-1
211,,1,-1
212,,1,-1
213,,1,-1
214,,1,-1
215,,1,-1
216,,1,-1
217,,1,-1
218,,1,-1
219,,1,-1
220,,1,-1
221,,1,-1
222,,1,-1
223,,1,-1
224,,1,-1
225,,1,-1
226,,1,-1
227,,1,-1
228,,1,-1
229,,1,-1
230,,1,-1
231,,1,-1
232,,1,-1
233,,1,-1
234,,1,-1
235,,1,-1
236,,1,-1
237,,1,-1
238,,1,-1
239,,1,-1
240,,1,-1
241,,1,-1
242,,1,-1
243,,1,-1
244,,1,-1
245,,1,-1
246,,1,-1
247,,1,-1
0,喋り方と声がキモすぎる,1,-1
1,不快なら見るなよ馬鹿なの？,1,-1
2,カイジみたいな口調だなｗｗ,1,-1
3,つまんね,1,-1
4,まぢうざい,1,-1
5,へたくそ,1,-1
6,ネタ動画としては久しぶりの低レベル,1,-1
7,きったねえ声,1,-1
8,普通にキモイです,1,-1
9,棒読み酷いな,1,-1
10,ナレーターうぜぇ,1,-1
11,死んでしまえ,1,-1
12,つまんねぇ人間は何処行ったっておもしろい事なんてねぇんだよ,1,-1
13,無駄な税金使わすなよバカDQNは・・・,1,-1
14,マジでアホ,1,-1
15,一人声も発言もきもい奴いるな,1,-1
16,クズやろうが,1,-1
17,ゲームへただな・・・・,1,-1
18,いつものキチガイ妄想のあれだよね,1,-1
19,犬ＨＫ，アサヒ、毎日、ＴＢＳ，クズばかり,1,-1
20,みずほ薄汚いババア,1,-1
21,ボケ老人,1,-1
22,じゃあ大臣辞めろ,1,-1
23,国防は仮定の事態に備えるものなんだよ！お前バカか！,1,-1
24,国会議員やめろ,1,-1
25,史上最低のクズ政権,1,-1
26,改めて訊いてもやっぱ基地外,1,-1
27,言い方が回りくどいんだよ屑閣僚が！,1,-1
28,このアホども辞めろーーーー,1,-1
29,だったら閣僚になんなよｋｓ,1,-1
30,ゴミだおまえは,1,-1
31,痴呆じじいしね,1,-1
32,無能すぎる,1,-1
33,くたばれ瑞穂！！,1,-1
34,ほんと左翼とか売国は知能低い,1,-1
35,社民存在価値無し,1,-1
36,最初から言え馬鹿,1,-1
37,嬉しそうに言うなクソ女,1,-1
38,今の内閣って、知能障害なのかな・・・・,1,-1
39,意味が分からない？？オマエも大臣辞めろ！！！,1,-1
40,誰かこいつ刺してよ,1,-1
41,こいつ死ねよ,1,-1
42,馬鹿に投票した奴池沼だろ,1,-1
43,こんな無能な連中が大臣とは・・,1,-1
44,日本語できないなら政党やめろバカ,1,-1
45,なんで死なないの？このくされババア,1,-1
46,お前らクズの方がいらね,1,-1
47,左のゴリラ誰？,1,-1
48,読みとかはそこそこいいのにコメントがキモすぎて台無しだな,1,-1
49,リアルならきめえな,1,-1
50,もう民主主義いらねえな,1,-1
51,民主・・・死ね,1,-1
52,まじクソ政権だろ,1,-1
53,こいつ、馬鹿だな,1,-1
54,だから幾らぐらいかって聞いてるだろカス,1,-1
55,さんすうの能力が無いんだな,1,-1
56,なんでこんなアホな法案が通るん,1,-1
57,頭おかしいのか？？？,1,-1
58,デブ死ね,1,-1
59,まじ、うぜーーーーーーーーー,1,-1
60,お調子者の馬鹿しかいねぇんだろ,1,-1
61,声きもい,1,-1
62,馬鹿野郎、さっさと調べて比較しろ,1,-1
63,意味わからんボケ,1,-1
64,悲惨なチビ,1,-1
65,舌滑が悪い,1,-1
66,こいつら自分の意見はないのかな？,1,-1
67,お前の顔の脂肪を仕分けしろ,1,-1
68,計画性ナシ軍団だからな,1,-1
69,君は馬鹿なの？,1,-1
70,朝鮮人やん,1,-1
71,本物のきち,1,-1
72,こいつ死んだほうがましだな,1,-1
73,関西人のくせにつまんねぇな、しねよ,1,-1
74,こいつは頭がおかしいのか？,1,-1
75,テラオタク,1,-1
76,だれこのきもいやつ,1,-1
77,怖いの？顔出せよカス,1,-1
78,顔隠してる時点でヘタレ,1,-1
79,にわかおつや～じゃねーよきもい,1,-1
80,だれこいつ汚い顔,1,-1
81,だれおまえきもいしねかすわたくし,1,-1
82,歪んだ空間にいる歪んだ人間,1,-1
83,頭悪そうな喋り方だね,1,-1
84,こいつ頭悪いだろ,1,-1
85,口だけだなコイツ,1,-1
86,顔みせねえなら投稿すなカス,1,-1
87,ロリコンキモすぎ,1,-1
88,残念なごみですね,1,-1
89,頭悪いただの馬鹿だね,1,-1
90,頭が悪すぎてかわいそう・・・,1,-1
91,息くさいだろお前,1,-1
92,なかなかきもい,1,-1
93,てめぇみたいなのが入るから日本語だめになるんだよ,1,-1
94,こいつの親可哀想だな,1,-1
95,気色悪い,1,-1
96,ほんと、クズだな,1,-1
97,お前の顔がおもんないぞ,1,-1
98,相当馬鹿だよこの人乙,1,-1
99,自慢すんなカス,1,-1
100,なにこのくず,1,-1
101,ロリコンしね,1,-1
102,へんな面しやがって,1,-1
103,しらねえよ、馬鹿,1,-1
104,くず、きえうせろ,1,-1
105,あほあほあほあほあほ,1,-1
106,頭がよわいな,1,-1
107,お前こそ顔出せやｋｓ,1,-1
108,目は細くて口はタラコです,1,-1
109,現実で嫌われてるもんね♪,1,-1
110,こんなカスが自分の幸せ妄想してかわいそうだな,1,-1
111,え、なにこの子気色悪っ,1,-1
112,あーやばい目が腐る,1,-1
113,しゃべんな耳聞こえなくなる,1,-1
114,顔だせよチキン,1,-1
115,おいマザコン,1,-1
116,語彙力なさすぎワロタ,1,-1
117,こいつは重傷だ中二病の重傷,1,-1
118,高校生だからこんなに頭悪いのか,1,-1
119,糞ガキだからこんなに頭悪いのか納得,1,-1
120,いつ脳みそ中学生なみ,1,-1
121,在日は韓国帰れ,1,-1
122,キモすぎ吐きそう,1,-1
123,おいおいロリだぜこいつ,1,-1
124,ねぇねぇいつ死ぬの？早く自殺実況してよ＾＾,1,-1
125,学校で相当嫌われててボッチなんだろうな・・・,1,-1
126,おたくのしゃべり方やんけ,1,-1
127,しらねーよカス,1,-1
128,コイツ頭悪いねん！,1,-1
129,コイツなんの病気だ！,1,-1
130,顔隠しまくりの口だけ、口も弱いけど！,1,-1
131,金持ち自慢情けないガキのロリータ馬鹿,1,-1
132,画質よりてめぇの方がｋｓだな,1,-1
133,ニコニコ動画なんかに金かけてるやつはあほですね,1,-1
134,うわぁキチガイはいってますね,1,-1
135,きもくて鳥肌たった,1,-1
136,顔出さないとかチキンの証拠,1,-1
137,こいつは世紀のバカ,1,-1
138,エセ金持ち発言おつ,1,-1
139,嘘はてめーだばーか,1,-1
140,消えて,1,-1
141,だまれ無名,1,-1
142,顔も出せないヘタレに言われてもなぁ,1,-1
143,頭悪いから、こんあ放送してるんだよね,1,-1
144,うわっ君口臭いな～,1,-1
145,ロリコンヘタレンゴ,1,-1
146,この人、おバカさんですね,1,-1
147,お前が一番おもんないし気持ちが悪い,1,-1
148,この人おかしいね,1,-1
149,ゲーム馬鹿,1,-1
150,14歳のメスゴリラだろ,1,-1
151,このガイジの動画結構伸びとるやん,1,-1
152,腐れニートがでしゃばるんじゃねえ,1,-1
153,キモオタ確定だな,1,-1
154,こいつほんとカスな,1,-1
155,基地外だな・・,1,-1
156,こんなんが国家戦略大臣かよ,1,-1
157,自殺すればいいのに,1,-1
158,まじでウザイ,1,-1
159,老害 of 老害,1,-1
160,こんなに頭悪い奴が政権の中枢です,1,-1
161,赤松死んでくれ,1,-1
162,もういいから国に帰れよ,1,-1
163,相手が下手すぎる,1,-1
164,ロリババア,1,-1
165,冗談ぬきで本気でこの腕前かい？よく出せるな,1,-1
166,88以外出撃するなカス,1,-1
167,最悪だな、砂で負担かけてて、散弾って,1,-1
168,普段絶対いわないけど・・・才能なし！,1,-1
169,誰も当たんないよ、下手糞,1,-1
170,お前みんなに金返せよ,1,-1
171,土下座動画上げろ！！！,1,-1
172,目の前にいたら絶対ぶん殴ってやる,1,-1
173,こいつはほんとに日本人なの？,1,-1
174,生かしておけないレベルの人種,1,-1
175,フェミニストを提唱するババァに善人はいない,1,-1
176,くっせえええ,1,-1
177,社会主義者のババアはショートカットが多いな,1,-1
178,マジできもいな,1,-1
179,9分もかかって何言ってんだコイツ？,1,-1
180,おまえらがいなくなれば日本はよくなるとおもうよ,1,-1
181,語録が少ない死ね,1,-1
182,きたねえBGMだなあ,1,-1
183,このババアまだ生きてたのか,1,-1
184,マジでナチス以下だな。内政すらうまくない,1,-1
185,黙れよクズが,1,-1
186,民主は人間のクズばかり,1,-1
187,アホ山総理,1,-1
188,このばばぁ　頭おかしいな,1,-1
189,人間としての知性が皆無だな,1,-1
