content,type,comment_id
なにこの糞ゲー,1,0
ちょっと蛇足気味だな・・・,1,1
蛇足は同意,1,2
蛇足っていってるヤツはJazzのライブを聞いたことがない奴,1,3
蛇足っつう～かﾗｲﾌﾞｱﾚﾝｼﾞのお約束みたいなもんだろ,1,4
 クラップうざいな,1,5
クラップ誌ね,1,6
またろう単調でヘタ,1,7
あかいひとおどってばっか,1,8
馬鹿ってアホか。一言多いんじゃねえ？,1,9
なんかもたってる感じがするのは俺だけ？？,1,10
カメラぶれすぎ,1,11
手ブレ修正しろ,1,12
テンポ遅いな…,1,13
何度聴いても手拍子がイタイ,1,14
アニオタＫＹ過ぎる,1,15
手拍子ないな,1,16
コレがジャズじゃないという奴は逆にJAZZを理解してない,1,17
手拍子死ね,1,18
手拍子でリズム狂う奴は修行が足りない,1,19
動画を黙って見ることのできない奴が一番痛い,1,20
これjazzじゃねーだろーが,1,21
もたってるのは手拍子のせい？,1,22
手拍子に過剰反応してるのも似たようなもんだろ・・,1,23
カスとかうぜえ素人も見れる動画サイトなんだよ察しろ,1,24
手拍子に釣られる時点でミュージシャンかホントに疑わしいけどな,1,25
困るってよりダサイな手拍子,1,26
どうせならレベル上げろよ,1,27
あと一歩なのに・・・,1,28
いらないだろ,1,29
勇者ってこの程度なんだな,1,30
普通これだけ死んだら飽きるよな,1,31
ほしふるうでわっていらないんじゃない？,1,32
↓お前毎回なんなの？消えろよ,1,33
↓同意…意味もわからんし,1,34
↑氏ね,1,35
ゆとりだろうがゆとりじゃなかろうがイタイ奴はイタイ,1,36
なんで宝箱とらないの？,1,37
ここタネ類多いからもっと取れよ,1,38
そうびしろよ,1,39
取れよ,1,40
センスねぇな･･･,1,41
これは凄ぇぇ！　低画質なのがおしいな,1,42
素材がちと惜しいかも知れん,1,43
下の歌詞がサブいんだよなぁ・・・,1,44
演説シカト・・・・,1,45
元を知らないってどんだけゆとりだよ,1,46
劇場版の方が良いな,1,47
知らないのはゆとりでも十分恥ずかしいと思うが・・・,1,48
お前らの脳内では否オタ＝ゆとりなのか,1,49
TV版は微妙,1,50
バカチョン死ねよ,1,51
糞チョン死ね,1,52
バカチョンを皆殺しにせよ！！！！,1,53
朝鮮民族を皆殺しにせよ！！！！！！！！,1,54
画質・・・,1,55
音悪い,1,56
ちょっと早口だね,1,57
反日とか反韓やら、反中とか言ってるバカな連中は、どこの国にもいるもんだな,1,58
はいはい扇動乙,1,59
SEEDごみだ,1,60
これはダメかもわからんね,1,61
これは流行らない,1,62
これは重症ですね,1,63
繋ぎがいまひとつだな,1,64
これは駄目にしても、釘宮でループつくりたいな,1,65
やよいのワンツーには勝てないな･･･,1,66
まず始末書を書け,1,67
つなぎあまくね？,1,68
修行にはもってこいだな,1,69
これはもうだめかもわからんね,1,70
ここじゃないループだったらよかったような,1,71
たまに繋ぎが変だな,1,72
これはひどい,1,73
へたすぎ。,1,74
かおだすなきもい,1,75
保志以外キモス,1,76
本家のがいいな,1,77
MADなら切り貼りだけじゃなくて組んでくれ,1,78
重すぐる・・・・・・・・・。,1,79
歌詞は合ってるんだけど映像がマッチしていないね・・・,1,80
Fragment　～Shooting star of the origin～のほうが合うと思うんだが,1,81
悪くはないな・・・,1,82
重いな・・・,1,83
速度かえればなんでもあうんじゃないかとおもうんだが,1,84
魔理沙のほうの音いれわすれてねぇ？,1,85
げーじが,1,86
橘さん！なぜそれを使うんです！,1,87
火力ひくっ,1,88
画像汚い,1,89
ある意味これでも良くねえ？,1,90
あんま編集うまくないね,1,91
やっぱこういうの見ると今のＲＰＧって…,1,92
やっぱクロノトリガーを超えるRPGはないな…,1,93
未来変わったのに何故あの服なんだ・・・,1,94
作者の人気に嫉妬,1,95
でもさ、当時は絶賛されてたわけじゃないよな、クロノトリガーって,1,96
最近のＲＰＧは・・・見習って欲しいな・・・,1,97
なにやら作者もゲームも神格化しすぎの馬鹿がいますね＾＾；,1,98
作者は別に凄くないから,1,99
これこそが本来のゲームとか思い込んで今の作品を否定する奴死んでね,1,100
大多数のカスが崇拝しすぎて萎えるわ,1,101
流れに合わせてるだけの奴は死ね,1,102
懐古厨キモイですぅ,1,103
さっき言われていた複数ある流れの中の一つ、、、なんだが寄りによってあんな鬱ストーリー持ってこなくても('A`),1,104
ここまできて、なにしとる,1,105
まぁどうせ勝つんだからつまらんな,1,106
なんで逃げないの?,1,107
はぁ・・・・つまらん,1,108
↓いいから氏ね,1,109
↓うざい,1,110
正直やくそうじゃ使ってもあんまり効果なさそうだしな,1,111
乱数調整厨は無視で,1,112
チートとかアホが湧いてると思ったらＩＤ開放したのか,1,113
↓お前がしねゆとり,1,114
↓いいからお前は死ね！,1,115
チートとかいってる奴かわいそう,1,116
なんでこれまでの見てない子がこんな多いんだ,1,117
これカットしたら動画の価値がなくなるだろう,1,118
↑いいからお前は死ね！,1,119
これはヤラセ臭ぇーな。状態保存してリプレイ繰り返したんだろ,1,120
所詮リプレイ,1,121
画質悪いな,1,122
何かあるとすぐチートだヤラセだほざき出す無能ゆとりﾜﾛｽｗｗｗｗ,1,123
画質が落ちてるな,1,124
武道家の改心連発を知らないやつはゆとり,1,125
中国かわいそす,1,126
君は社交辞令という言葉を知っているかね？,1,127
こいつ新人なのに金持ってんな・・・,1,128
まあ高々数千円だしなぁ…忙しくて金使う間もないんだろう…,1,129
正装とまではいかなくても…この格好でこれる店には…,1,130
ここでコケろ,1,131
プロデューサーのイントネーションおかしいよね？,1,132
なんか切り方激しくなかった？,1,133
ダメに決まってるだろ,1,134
仕事中に電話かけてくんなっつの,1,135
この発言はＰに失礼すぎるのでは,1,136
タグが厳しすぎる,1,137
もっと上につれていけってことですね,1,138
お前の給料ならそんなもんかと思って・・・,1,139
ﾊﾙﾙﾝﾓ､ｶﾜｲｲﾃﾞｽﾖ,1,140
結局皆愚民,1,141
センスは無いよな,1,142
普通のレストランだろうな、周りの音が五月蝿いし,1,143
何が黒だ　死ね,1,144
下コメするバカ死なないかなあ,1,145
幼児,1,146
この画質、何がおもしろいのかわからん,1,147
何これ？つまらんすぎて意味ふ,1,148
Y.S-Yさん空耳動画はどうしたんですか？(笑)叩かれて逃げちゃいましたか(笑),1,149
やべぇ,1,150
ＹＳのカスはくたばれよ,1,151
犯罪者乙,1,152
身内しか楽しめない動画だな,1,153
なにがおもしろいの？,1,154
まあ犯罪者だもんな,1,155
くだらん,1,156
つまんね,1,157
意味不,1,158
"馬鹿らしい…(-д-"")",1,159
誰が得するのこの動画,1,160
コメない,1,161
Y.S-Yって死んだ人？,1,162
こんな身内動画アップしてどうするの？,1,163
薫:くだらない(-_-),1,164
Y.S帰れ！！,1,165
なにこれ,1,166
意味不明,1,167
バカバカバカ！,1,168
ありえねｪ,1,169
つまんねー,1,170
はっっっ‥？,1,171
会話がよく聞こえん,1,172
こいつらバカだろう,1,173
なにこれ,1,174
きもε=┏(;￣▽￣)┛,1,175
何これ！,1,176
アホらしい,1,177
あほ,1,178
バカ！,1,179
オモシロくない,1,180
バカ,1,181
つまんない,1,182
わいえすキモいよ死ねよ,1,183
なにこれ？,1,184
くだんねー,1,185
音ゲーしかできないくず,1,186
おもんない,1,187
幼稚ですか？？？,1,188
そうゆうノリ方しかできないんですねわかります,1,189
ノリがわからん,1,190
きたない,1,191
誰得動画だ？,1,192
焼き肉はへたくそだな,1,193
低レベル,1,194
なんだ身内動画か,1,195
声がキモい人がキモいアップすんなカスカスカスカスカスカスカスカスカスカスカスカス,1,196
眼鏡男キモいからｶｽｶｽｶｽｶｽｶｽｶｽｶｽｶｽ,1,197
全然面白くねーし,1,198
元曲知らないのが痛いな,1,199
いっぺん死んでみる？＾＾,1,200
んー。。。なんかなぁ・・・,1,201
ばーさん達うざい,1,202
タグがひどい,1,203
タグがわからない,1,204
死ね死ね死ね死ね死ね死ね死ね死ね死ね死ね死ね死ね死ね死ね死ね死ね死ね死ね死ね死ね死ね死ね死ね死ね死ね死ね死ね死ね死ね死ね,1,205
明日、殺します,1,206
 タイペイ さん死ね,1,207
なんだろ・・・これ・・・,1,208
死ね,1,209
死ねぇ,1,210
死ね死ね言ってる奴はタミフルゆとり,1,211
　なにこれ？,1,212
誰がどの口で抜かすんだてめぇ,1,213
パクリネタいつもお疲れ様です＾＾,1,214
ここのステレオサウンドが気持ち悪いんだなぁ,1,215
ジールのような糞虫はどんな時代にもかならずいるんだなぁ,1,216
曲ちがくね？,1,217
うp主はやりこんでないですね,1,218
つまらねえコメ連発すんじゃねえよボケ,1,219
灰かよ,1,220
時報自重,1,221
ボーカル下手すぎ,1,222
ずれすぎ,1,223
へ　た　く　そ,1,224
これはひどい・・・・,1,225
英語ぐダグダ,1,226
リズム感がない,1,227
演奏ばらばら,1,228
音質わるいなあ,1,229
音悪すぎ,1,230
何言ってんだろ？,1,231
胸糞悪い演奏だな,1,232
サビしかいえてねぇ,1,233
コーラス以前の問題だ　バカ,1,234
速すぎ,1,235
何なのかが良く分からない・・・。,1,236
理解できない,1,237
だから何？,1,238
あんちにぃーじゃないか,1,239
子供達にあやまって、そして芸能界に二度と現れるな！,1,240
すねお　死し死しシシしし視し,1,241
ゆとりにでもわかるっつーのｗお前が馬鹿,1,242
しね,1,243
呪われる・・・,1,244
なにこの曲、、、。,1,245
恐ろしい・・・,1,246
きもい＾＾,1,247
こわいんだけど,1,248
鬱になる・・・orz,1,249
今日は変なのが沸く日だな,1,250
すまない。音楽だけいただく。,1,251
呪われる,1,252
能登の演技は下手すぎ,1,253
声優やめろって感じ,1,254
恐怖,1,255
畏怖,1,256
呪詛,1,257
※本当に怖いのはあなたです,1,258
なんか寒気してきたんだけど・・・,1,259
これは･･･怖い･･･,1,260
マジで呪われるぞ,1,261
お祓いしなきゃ･･･,1,262
リアルで怖い,1,263
↑よくそんな顔できもいなんて口にできるな,1,264
この速さの方良いよな,1,265
赤青うざっ,1,266
女死ね,1,267
あの女ワガママにもほどがあるな,1,268
なんかすっげえオタクっぽいよなあ・・・主人公,1,269
マスゴミうぜえええええええええええええ,1,270
つかえねぇ,1,271
死ね,1,272
こいつうぜええええええええ,1,273
楽に逝けてよかったね,1,274
トミー無情すぎ,1,275
ばばあ逝ったな,1,276
で？,1,277
死ぬの？？,1,278
あーあ・・・死んだ,1,279
なんでこんなとこいってんの？,1,280
ガイジ,1,281
くどい,1,282
偽物　ただの釣り動画,1,283
振り付けダサイ,1,284
男きも,1,285
糞みたいな店員だな,1,286
死ね,1,287
人間のクズが,1,288
もものこえきもい,1,289
いい加減にしろｋｓがｗ,1,290
初代エウレカとかごみだろあほ,1,291
センスないわ,1,292
見えないから無意味ゴミ動画,1,293
なんだこいつ,1,294
鼻クソでキープしろ,1,295
スロ動画で今まで見てきた養分群でぶっちぎり一番最低の光景やでコレ,1,296
バカだろ,1,297
ハゲやん,1,298
30として弱いってだけで20と並べるとかアホか,1,299
やり返しってか？醜いね。,1,300
この人魚ポンコツすぎんぞ,1,301
燃えｋｓすこ、こびドルひで,1,302
これは腹立つ,1,303
たひね,1,304
引くこと覚えろカス（AHGN）,1,305
ゴミだよ,1,306
おっそ,1,307
ファンうるっさ！！！,1,308
つまんねー台だなー,1,309
編集ゴミなんだけど,1,310
ホント編集ｋｓ,1,311
店酷すぎやろが,1,312
これは互いにDQNだなぁ,1,313
惰性で見てるけど、この番組全然おもしろくないよな,1,314
コイン持ち悪いし当たっても出ないし糞台だなｗ,1,315
態度わりーな女,1,316
ヤローぶっ殺してやらー,1,317
こういうとこの求人って馬鹿でも募集してるからしゃーない,1,318
この台キモいな,1,319
パチンカスが常識人ぶるなよ,1,320
店員最低,1,321
なんもおもしろくない,1,322
ぶっさいなー野中,1,323
産業スパイ,1,324
面白くない上に編集技術のない奴が作った動画,1,325
ナイヲのパワハラと無能さが際立ってきた,1,326
なにいってんだこいつ,1,327
ないおみたけどブサメンやからなww 顔だせんくらい,1,328
ファンの奴うるせ～～ ww　とか最低www,1,329
サイコパス,1,330
これゴミだろ,1,331
ざこ,1,332
シスコン野郎!!!!!!,1,333
ゴミじゃねぇか,1,334
ほんまに、なんであんな終わってる台を導入するのかわからん,1,335
あーつまんね,1,336
きも,1,337
後ろから適当に撃ってるだけのクソｗｗｗｗｗｗｗ,1,338
ド田舎すぎるな,1,339
ないおがキモいからやろ,1,340
糞軍団晒せよ,1,341
あのゴミ達を何に使うのだろうか,1,342
糞店,1,343
ＴＴの日本語ダサい,1,344
ks,1,345
なんだこのクソ編集は,1,346
くさそう,1,347
おいてくれって言ったなら店がゴミだな,1,348
糞台ってより店しだいかなあ　マド２,1,349
世論調査はマスゴミの情報操作,1,350
価値低そうな女だったし,1,351
池沼は一つの物事に異常なほど執着し続けるからね　しょうがないね,1,352
ゴリラ映ったぞ,1,353
何で当たったかわかんないから面白くない,1,354
これはロリコンですわ,1,355
ふつうにクソ台やろ,1,356
あーころす,1,357
振りだっせえ・・・,1,358
ファンうるさい！！ww,1,359
サイコパス気質なんだろ,1,360
前でるとかアホかな？,1,361
サイコパスじゃねーかｗｗｗｗ,1,362
キチゲエが,1,363
テスト期間中にこれ書いてるだけで十分バカなんだよなぁ,1,364
女の方が舐めとるやろ,1,365
下手糞な編集すんなや・・・,1,366
この魚ポンコツやな,1,367
北斗に比べて低設定の誤爆がないからボッタ地域じゃゴミカス評価だな,1,368
『カメラ下手かw』っていった人、そんな上から言えるってことは、カメラマンさん？笑　めっちゃガキ…笑,1,369
黒く塗りつぶした方が見栄えが良くなるところまで描いちゃってるから上手くはない,1,370
見るだけ無駄な時間だった,1,371
レインコート兄貴いい加減にしろ!,1,372
ファンの奴うるせ～～  ww,1,373
なにこのごみ,1,374
超絶ｋｓ店だこれわ,1,375
ごっみ,1,376
グッピー普通に下手くそだからな,1,377
←「じゃあお前がやれ」って擁護は馬鹿すぎるからやめてくれ,1,378
オワコン,1,379
なら自分で描いてネットに載せろ9ず,1,380
ホモはせっかち,1,381
雑魚視点,1,382
有名なクソ店,1,383
お、ホモカップルか？,1,384
着地取る気もなく射撃垂れ流してただけのゴミだったな,1,385
ヤリマンもんじゃ店,1,386
結果書くなアホ,1,387
誰かゴミ広いしてやれや,1,388
弱すぎ,1,389
雑,1,390
謎あたりってなんだよ・・・単独だろうがゴミ,1,391
釣りは死ね,1,392
これあほほどくるよな,1,393
↑少女時代バカにすんな。,1,394
よわすぎ,1,395
チキンども,1,396
雑い,1,397
カッコいい馬鹿,1,398
ヲタ怖すぎwwwwwwwwwwwwwwwwwwwwwwwwwwwwwwwwww,1,399
頭おかしいな,1,400
まあ糞台だけどなｗ,1,401
掛け声ださ,1,402
さっさと動画説明文のうんこちゃんを消せ,1,403
無資格でしょ,1,404
変態ロリコン（勘違い）レズ野獣部長ぼろくそ言われてて草萌ゆる（古文）,1,405
ユニバの台なんて全部ゴミだろ,1,406
なんでこんなクソ編集なん,1,407
あほ,1,408
さやカスｗｗ,1,409
掛け声うるさい！,1,410
やる気ないな、このもんじゃ女,1,411
あの「タイミングで座ったからでたんだろうがゴミが,1,412
トリ頭だから言ってんだろ,1,413
北斗はつまんねーし出ねえし,1,414
ゲームやめろ,1,415
画質わるくね,1,416
禿バンク,1,417
最低,1,418
chappyうざいしな。。,1,419
にどみつまんなくなたったな,1,420
かまってちゃんだなぁ,1,421
無駄金,1,422
タマなし野郎が勝てないのは当然,1,423
コジマ頭悪そう,1,424
低レベルな店やなー,1,425
馬鹿馬鹿しい,1,426
ちかいてうるさい。,1,427
応援してる人の声キモい,1,428
仕事なめてる？,1,429
↑ダサいのはわかる↑,1,430
メンヘラ,1,431
ぶっさ,1,432
分かるかボケ,1,433
今すぐ投稿やめて首でも吊って4ねや,1,434
レベルひくいなぁ,1,435
まともなはずのキャラがサイコパス設定デフォになるともう末期なんだなって思うわ,1,436
絵に描いたようなBITCH,1,437
ごみかよ,1,438
編集酷いよなここ最近特に,1,439
接客舐めてんのかこの女、あー舐めてるからこんな仕事してんのか,1,440
隣みたいにタバコ上げたまま打つ猿消えてくんねーかな,1,441
本当にクソみたいな立ち回り,1,442
ｶｽども,1,443
やるおネタばれやめろや死ね,1,444
ひでーな,1,445
なんかすげー気持ち悪い,1,446
何で最近全部このクソ編集なの？,1,447
例の糞やんけ,1,448
気持ち悪い女,1,449
下手すぎ,1,450
まじざけんな,1,451
ほんとこいつはカス,1,452
この精神リソース使いまくった直後にくるとはいやらしい,1,453
マジ無能,1,454
中将なのになにいってんだごみ,1,455
だから何でこうなったんだよ編集クソすぎんよ,1,456
でぶおが最近うるさい,1,457
まあ不細工二人やからつまらんのよ!,1,458
燃えてないからタイトルヤルヲのカスで,1,459
語彙力無振りか,1,460
釣りかよ死ね,1,461
くそみせｗ,1,462
きたない,1,463
おもろくない,1,464
は？店が指示出してんの？アホちゃう？,1,465
糞釣りゴミ動画,1,466
気持ち悪…,1,467
自分を強者だと思ってる勘違い野郎,1,468
殺されてぇかお前ら…,1,469
変態ロリコン姉貴は帰って、どうぞ（無慈悲）,1,470
ファン黙れ,1,471
蒲生がいちばんｋｓだけどな,1,472
ガンイージザコすぎ,1,473
　むしろクソマズなんだよなぁ・・・・,1,474
うぜぇw,1,475
女の子の日かな？,1,476
ごみかとオモタ,1,477
レインコート兄貴の動画は詰まらん（莫の村を作った作者に謝れ！）,1,478
消えろカス,1,479
ヤリマンアバズレクソビッチ,1,480
影で文句言ってないでさっさと辞めればいいだろオルァン！！,1,481
何だ乞食動画かよ,1,482
雑魚過ぎw,1,483
文脈を読み取る力が弱いなコジマ,1,484
総無能,1,485
じゃあ聞くけど自分がライブとか行ったとき掛け声せぇへんの？うるさいとか言うねんやったら他の動画みとけば？そんなんも考えられないの？文句がガキ並みやで？,1,486
ごみすぎる,1,487
ないおがつまらないのが原因,1,488
ゴミみたいな店だな絶対行かないわこんな店,1,489
↑ファンうるさい！！！！　とか最低！！！,1,490
がいじだらけ,1,491
のけデブでわろた,1,492
脳みそなかったらコメ打てないだろ。ネタでもつまらんよ。,1,493
並びはクソ,1,494
なにこのクソ店,1,495
狂ってるｗ,1,496
さすが柏、ゴミだなw,1,497
釣り兄貴に同情はしないけど自分をウルヴァリンする場合執着がない方が池沼だと思うんですけど（名推理）,1,498
やらせ,1,499
なんじゃこりゃ　ひでー店だな,1,500
うんこ,1,501
これはロリコン,1,502
編集へったくそ,1,503
ざっこ,1,504
釣り動画,1,505
カメラ下手,1,506
編集クソになったな,1,507
ひでぇ店だな,1,508
死んだら？,1,509
エピオンのE覚マジでウザい,1,510
サイコじゃねーか！,1,511
オワコンホクロ,1,512
通信つまんな,1,513
ブス,1,514
ゴミ台よ,1,515
最悪だな ここ行く客も頭おかしい,1,516
うぜえええええええええええ,1,517
民度ゴミすぎる・・・,1,518
クソフトバンクを叩き潰せ,1,519
馬鹿だらけだわな,1,520
マイクは超能力者じゃねえよポンコツ,1,521
ボルト戦闘シーンよくないよな、作画かわって,1,522
ハゲ隠し,1,523
動画消せ,1,524
無法ゴミ,1,525
ヤク中,1,526
ただのきもでぶだったか,1,527
ダイジェストはっかで動画みる意味ないわ,1,528
バカが多いかも,1,529
編集も打ち手もゴミだな（呆れ）,1,530
いまいち,1,531
想像つくだろ,1,532
無駄,1,533
パクりじゃねーかよ,1,534
かみ合わない実況,1,535
ガチャプレイきもいです,1,536
なんかフォントが安っぽいな,1,537
お前のコメントがきもいです,1,538
全体レベルひくっ,1,539
真ん中の男いらね,1,540
腹から声出せや,1,541
ブス女の嫉妬が臭いｗ,1,542
女ども嫉妬で発狂,1,543
悪コメする人はブスでデブな人です。,1,544
自分が好きならいいじゃん、アンチに対して嫉妬とか自分の価値観を押し付けるなよ荒らすなよ迷惑,1,545
いいこと教えてあげる　　　　　嫉妬してる奴は外も中もブス,1,546
こんな低レベルが評価されるとかﾜﾛﾀ,1,547
お前ホモかよぉ！,1,548
こいつきもい,1,549
おいうp主糞萌え豚アニメと混ぜんな,1,550
おもんねーから,1,551
おまけくそつまらん,1,552
最後のおまけで台無しだわ　センスなさすぎ,1,553
可愛いけど微妙,1,554
へた,1,555
低いすぎかな,1,556
読点入れすぎや説明文,1,557
うぜぇ・・・,1,558
ここのサークルは、歌はいいのに曲がしょぼい,1,559
ほっとんど好かれてないんだよなこの人,1,560
ゲスヤロウは死ねよ,1,561
淫夢厨しね,1,562
音程ずれずれ。もっと原曲聞け,1,563
顔でかすぎｗ,1,564
ごみ,1,565
この人でなし！,1,566
ディズニーバカ,1,567
主コメ二次元とか何言ってんの？ちゃんと歌詞聴いて考えてから歌えks,1,568
しかも下手,1,569
シーモアうぜえ,1,570
ﾋﾞｯﾁ４ね,1,571
頭固すぎワッカ,1,572
募金かよ,1,573
ワッカうぜぇわ,1,574
やっぱ女ってｋｚだわ,1,575
宗教ズうぜえな,1,576
自分で考えることもできないのかこのカブトムシ,1,577
こいつら顔一緒じゃん,1,578
ワッカ４ね,1,579
やっぱり女は屑,1,580
ネタに決まってんだろ,1,581
帰って、どうぞ,1,582
ワッカ死ね,1,583
うっさ,1,584
ここ地味に長いから嫌い,1,585
アーロンざっこ,1,586
腹から声出せ,1,587
キマリはgm,1,588
強打がやかましいな,1,589
手キモｗ,1,590
視線なんて見えねーだろ,1,591
だれだおまえは,1,592
声が小さいね 再投稿願います,1,593
きめえ,1,594
負け犬の遠吠えじゃんｗ,1,595
もうちょい練習しようか,1,596
よわｗｗｗ,1,597
アブ４ね,1,598
クソガキ、クソガキを語るクソガキにクソガキを語る,1,599
どんだけ時間かかってんだよ,1,600
ワッカうぜぇ,1,601
こえきも,1,602
偽物めっ,1,603
は？,1,604
これきらい,1,605
アバターやめろ,1,606
ここだいきらい,1,607
安物すぎィ！,1,608
きたない,1,609
うーん微妙,1,610
きめーな,1,611
プレイ動画ならちゃんとタグつけて,1,612
ぶっさいくｗ,1,613
馬鹿でブスばっか調子のりすぎ,1,614
だせえ,1,615
ぶっさ,1,616
よえええ,1,617
そんな事お前が決めんなよヴォケナス,1,618
エンコもまともに出来ないクソムシは動画あげんなよ,1,619
ゴミ動画,1,620
こいつ死ぬべき,1,621
彼女すらいない人間からすれば死んでもらいたい,1,622
恥ずかしく無いのかよ,1,623
や～い、乗っ取られてやんの,1,624
噛みすぎわろろ,1,625
きっめえ,1,626
下手すぎw,1,627
捨てゲーするならイベやるなゴミ！,1,628
へたくそが！,1,629
おもしろくない,1,630
きもい,1,631
死刑,1,632
下手,1,633
きもい・・・,1,634
お前は年がら年中頭がおかしい,1,635
きもすぎわろたｗｗｗ,1,636
髪型きしょい,1,637
うるせえよカタカタ先輩,1,638
馬鹿野郎,1,639
うるせーな,1,640
くだらないコメントが上がるのはあなた自身の問題だと思いますよ～,1,641
お前が４ねやカス,1,642
こいつほんまうざい,1,643
もうさ、死ねば,1,644
こんなクズ相手すんなよｗｗ,1,645
主確かにキモい,1,646
こいつキモいー,1,647
赤字ってうざいやつしかいないな,1,648
きもいいいいいいい,1,649
気持ち悪い,1,650
佐川はマジで死んで欲しい,1,651
誤字ワロタｗｗ,1,652
へたくそ,1,653
へたくそやめてまえ,1,654
こんなふうにやるならやらないほうがまし,1,655
これ連環いらないでしょ,1,656
弓にすればよかたのに,1,657
これで負けんのかよ,1,658
せっかくのアドバイスに聞く耳もたなすぎ,1,659
在日市ね,1,660
池沼タヒね,1,661
熊かわいくないw,1,662
遅いよバカー！,1,663
5分戦だしもっとガツガツ戦った方がいいと思います,1,664
ショットガン以前に立ち回りが酷い…,1,665
うざい,1,666
ほんとに頭わりーな・・・,1,667
うわっきもっ帰るわ,1,668
バカだから,1,669
クズめ,1,670
ざっまあみろ,1,671
可愛そう、てかコーチ死ね！,1,672
連携悪いな,1,673
いきなり誤字かよ,1,674
お互い下手すぎるわ,1,675
これはひどい,1,676
引退しろやくず,1,677
しね,1,678
もう動画あげるな,1,679
下手すぎわろた,1,680
マジで下手くそだな,1,681
相方のこと考えないんだったらやめろ,1,682
周り見てなさすぎ,1,683
質問が下手糞だね,1,684
アホすぎ,1,685
画質が・・・,1,686
おせええええええ,1,687
そらパクリだもん,1,688
は?,1,689
へた,1,690
なんだこのデブ,1,691
うまいんだけど息の切り方が微妙かな,1,692
バカにつける薬はない,1,693
もういい加減男いらねぇからところ構わず出てくんなよ　しね,1,694
きもい,1,695
いちご死んで欲しい,1,696
いちごバカだよね,1,697
きも,1,698
気持ち悪い！,1,699
シネ,1,700
死んで？,1,701
きも,1,702
しね,1,703
気持ち悪い曲,1,704
しかしクソの役にも立ってねえなぁｗ,1,705
どうやっても墓回避できないとかクソゲーすぎる,1,706
馬鹿じゃないのかこんな動画うｐするなんて,1,707
著作権厨に人権はありませーんwww,1,708
著作権厨ざまあwww,1,709
ざまあwwwww,1,710
手首とか弐寺やる資格ねーよ。しねよ,1,711
引退しろキモオタ,1,712
きめー,1,713
ただの泣き虫,1,714
ざこ確定,1,715
お前人のこと言えたプレイしてないぞ?wwww,1,716
名前きもい不快だった動画消してほしい,1,717
ez8下手すぎ,1,718
下手そしてアバがださい,1,719
さすがにきもいｗｗ,1,720
ほんと下手だな。味方よくがんばってるな。,1,721
これでわからない方がバカなの？W,1,722
見にくんなクズ,1,723
きたない,1,724
下手っつうかなんつうか・・・少し声遅れてる感があるな,1,725
聞こえないし、うまくないし、つまらん,1,726
こえちっせぇんだよざこ,1,727
正直女じゃなかったらだれもみねーぞこの内容,1,728
アスペだろ,1,729
下手ｗｗｗ,1,730
長友と仲良いとか関係ねーよカス,1,731
当たり前じゃねーだろカスｗ,1,732
マジキチ,1,733
音うるせえよ,1,734
バカが,1,735
口悪すぎだろしね,1,736
しこってろホモガキ,1,737
きもぼ,1,738
しこってろハゲ,1,739
きもいよーー,1,740
はげ,1,741
喋り方と声がキモすぎる,1,742
不快なら見るなよ馬鹿なの？,1,743
カイジみたいな口調だなｗｗ,1,744
つまんね,1,745
まぢうざい,1,746
へたくそ,1,747
ネタ動画としては久しぶりの低レベル,1,748
きったねえ声,1,749
普通にキモイです,1,750
棒読み酷いな,1,751
ナレーターうぜぇ,1,752
死んでしまえ,1,753
つまんねぇ人間は何処行ったっておもしろい事なんてねぇんだよ,1,754
無駄な税金使わすなよバカDQNは・・・,1,755
マジでアホ,1,756
一人声も発言もきもい奴いるな,1,757
クズやろうが,1,758
ゲームへただな・・・・,1,759
いつものキチガイ妄想のあれだよね,1,760
犬ＨＫ，アサヒ、毎日、ＴＢＳ，クズばかり,1,761
みずほ薄汚いババア,1,762
ボケ老人,1,763
じゃあ大臣辞めろ,1,764
国防は仮定の事態に備えるものなんだよ！お前バカか！,1,765
国会議員やめろ,1,766
史上最低のクズ政権,1,767
改めて訊いてもやっぱ基地外,1,768
言い方が回りくどいんだよ屑閣僚が！,1,769
このアホども辞めろーーーー,1,770
だったら閣僚になんなよｋｓ,1,771
ゴミだおまえは,1,772
痴呆じじいしね,1,773
無能すぎる,1,774
くたばれ瑞穂！！,1,775
ほんと左翼とか売国は知能低い,1,776
社民存在価値無し,1,777
最初から言え馬鹿,1,778
嬉しそうに言うなクソ女,1,779
今の内閣って、知能障害なのかな・・・・,1,780
意味が分からない？？オマエも大臣辞めろ！！！,1,781
誰かこいつ刺してよ,1,782
こいつ死ねよ,1,783
馬鹿に投票した奴池沼だろ,1,784
こんな無能な連中が大臣とは・・,1,785
日本語できないなら政党やめろバカ,1,786
なんで死なないの？このくされババア,1,787
お前らクズの方がいらね,1,788
左のゴリラ誰？,1,789
読みとかはそこそこいいのにコメントがキモすぎて台無しだな,1,790
リアルならきめえな,1,791
もう民主主義いらねえな,1,792
民主・・・死ね,1,793
まじクソ政権だろ,1,794
こいつ、馬鹿だな,1,795
だから幾らぐらいかって聞いてるだろカス,1,796
さんすうの能力が無いんだな,1,797
なんでこんなアホな法案が通るん,1,798
頭おかしいのか？？？,1,799
デブ死ね,1,800
まじ、うぜーーーーーーーーー,1,801
お調子者の馬鹿しかいねぇんだろ,1,802
声きもい,1,803
馬鹿野郎、さっさと調べて比較しろ,1,804
意味わからんボケ,1,805
悲惨なチビ,1,806
舌滑が悪い,1,807
こいつら自分の意見はないのかな？,1,808
お前の顔の脂肪を仕分けしろ,1,809
計画性ナシ軍団だからな,1,810
君は馬鹿なの？,1,811
朝鮮人やん,1,812
本物のきち,1,813
こいつ死んだほうがましだな,1,814
関西人のくせにつまんねぇな、しねよ,1,815
こいつは頭がおかしいのか？,1,816
テラオタク,1,817
だれこのきもいやつ,1,818
怖いの？顔出せよカス,1,819
顔隠してる時点でヘタレ,1,820
にわかおつや～じゃねーよきもい,1,821
だれこいつ汚い顔,1,822
だれおまえきもいしねかすわたくし,1,823
歪んだ空間にいる歪んだ人間,1,824
頭悪そうな喋り方だね,1,825
こいつ頭悪いだろ,1,826
口だけだなコイツ,1,827
顔みせねえなら投稿すなカス,1,828
ロリコンキモすぎ,1,829
残念なごみですね,1,830
頭悪いただの馬鹿だね,1,831
頭が悪すぎてかわいそう・・・,1,832
息くさいだろお前,1,833
なかなかきもい,1,834
てめぇみたいなのが入るから日本語だめになるんだよ,1,835
こいつの親可哀想だな,1,836
気色悪い,1,837
ほんと、クズだな,1,838
お前の顔がおもんないぞ,1,839
相当馬鹿だよこの人乙,1,840
自慢すんなカス,1,841
なにこのくず,1,842
ロリコンしね,1,843
へんな面しやがって,1,844
しらねえよ、馬鹿,1,845
くず、きえうせろ,1,846
あほあほあほあほあほ,1,847
頭がよわいな,1,848
お前こそ顔出せやｋｓ,1,849
目は細くて口はタラコです,1,850
現実で嫌われてるもんね♪,1,851
こんなカスが自分の幸せ妄想してかわいそうだな,1,852
え、なにこの子気色悪っ,1,853
あーやばい目が腐る,1,854
しゃべんな耳聞こえなくなる,1,855
顔だせよチキン,1,856
おいマザコン,1,857
語彙力なさすぎワロタ,1,858
こいつは重傷だ中二病の重傷,1,859
高校生だからこんなに頭悪いのか,1,860
糞ガキだからこんなに頭悪いのか納得,1,861
いつ脳みそ中学生なみ,1,862
在日は韓国帰れ,1,863
キモすぎ吐きそう,1,864
おいおいロリだぜこいつ,1,865
ねぇねぇいつ死ぬの？早く自殺実況してよ＾＾,1,866
学校で相当嫌われててボッチなんだろうな・・・,1,867
おたくのしゃべり方やんけ,1,868
しらねーよカス,1,869
コイツ頭悪いねん！,1,870
コイツなんの病気だ！,1,871
顔隠しまくりの口だけ、口も弱いけど！,1,872
金持ち自慢情けないガキのロリータ馬鹿,1,873
画質よりてめぇの方がｋｓだな,1,874
ニコニコ動画なんかに金かけてるやつはあほですね,1,875
うわぁキチガイはいってますね,1,876
きもくて鳥肌たった,1,877
顔出さないとかチキンの証拠,1,878
こいつは世紀のバカ,1,879
エセ金持ち発言おつ,1,880
嘘はてめーだばーか,1,881
消えて,1,882
だまれ無名,1,883
顔も出せないヘタレに言われてもなぁ,1,884
頭悪いから、こんあ放送してるんだよね,1,885
うわっ君口臭いな～,1,886
ロリコンヘタレンゴ,1,887
この人、おバカさんですね,1,888
お前が一番おもんないし気持ちが悪い,1,889
この人おかしいね,1,890
ゲーム馬鹿,1,891
14歳のメスゴリラだろ,1,892
このガイジの動画結構伸びとるやん,1,893
腐れニートがでしゃばるんじゃねえ,1,894
キモオタ確定だな,1,895
こいつほんとカスな,1,896
基地外だな・・,1,897
こんなんが国家戦略大臣かよ,1,898
自殺すればいいのに,1,899
まじでウザイ,1,900
老害 of 老害,1,901
こんなに頭悪い奴が政権の中枢です,1,902
赤松死んでくれ,1,903
もういいから国に帰れよ,1,904
相手が下手すぎる,1,905
ロリババア,1,906
冗談ぬきで本気でこの腕前かい？よく出せるな,1,907
88以外出撃するなカス,1,908
最悪だな、砂で負担かけてて、散弾って,1,909
普段絶対いわないけど・・・才能なし！,1,910
誰も当たんないよ、下手糞,1,911
お前みんなに金返せよ,1,912
土下座動画上げろ！！！,1,913
目の前にいたら絶対ぶん殴ってやる,1,914
こいつはほんとに日本人なの？,1,915
生かしておけないレベルの人種,1,916
フェミニストを提唱するババァに善人はいない,1,917
くっせえええ,1,918
社会主義者のババアはショートカットが多いな,1,919
マジできもいな,1,920
9分もかかって何言ってんだコイツ？,1,921
おまえらがいなくなれば日本はよくなるとおもうよ,1,922
語録が少ない死ね,1,923
きたねえBGMだなあ,1,924
このババアまだ生きてたのか,1,925
マジでナチス以下だな。内政すらうまくない,1,926
黙れよクズが,1,927
民主は人間のクズばかり,1,928
アホ山総理,1,929
このばばぁ　頭おかしいな,1,930
人間としての知性が皆無だな,1,931
なにやってんだあいつら・・,2,932
ちょっと薬物キメ過ぎなんとちゃう？,2,933
初代の方が全然面白い,2,934
聞こえん,2,935
練習動画かな？,2,936
←ホームレスみたいなのがオシャレ(笑),2,937
このアホ視点は叩かないで他のいい感じの視点にはでっかい口で叩くんだなくそ脳内元帥どもは,2,938
図書館に書籍寄付してもお礼もなかったですしね。,2,939
夢の無い台や,2,940
相手の手札見ながらは流石になぁ…,2,941
糞真面目な人間が損する…夜神総一郎かな？,2,942
こいつ大丈夫か？って思ってきました,2,943
俺上手いアピールしてるガキは何なの？動画上げろよ,2,944
名前の分別ついてなさすぎやない？大丈夫？,2,945
当時幼稚園児には難しすぎた,2,946
wikiの寄生虫のくせになにいってだ,2,947
テンプレ行動しかしねえな,2,948
意外とおもろいで,2,949
音もひどいしプレイも酷い良いのは声だけ,2,950
小学生レベル,2,951
カマキリが編集してるんやろ,2,952
なにやってんだあいつら…,2,953
岸本が影響受けた大友とかメビウスとかの方をまず見てから判断した方が良いと思うんだよな,2,954
だめだこいつ（確信),2,955
戦闘民族だからね、仕方ないね,2,956
考察になると何のコメントも出来なくなる未プレイ勢好き,2,957
こいつやばいな,2,958
こんなん完全にチャテロ,2,959
普通の人からしたらいい人達よね,2,960
精神崩壊かな？,2,961
多分動画としてあまり意識してないんだろな,2,962
ほかのプレイヤーに迷惑をかける形でのルーニープレイとはどういうものかっていう好例　ムカつくとこも含めて,2,963
さよなら国産,2,964
バケゆかはどうせちょっと（数百時間）練習しただけだろ,2,965
ANさぁはいろいろ裏で手を回してそう,2,966
ネオン輝く方かな？,2,967
初見実況に上手いだの下手だのってコメ恥ずかしくないの？,2,968
元気のいいお子さんでいらっしゃいますね,2,969
いっつも行動を要求されるのは操作キャラ,2,970
思い出にしがみつく…お嬢の言葉かな？,2,971
微妙なピンク色だなぁ,2,972
こいつ作る努力をわかった気になってるだけのサルゥなんだよなぁ,2,973
風景画だな。キャラがいる意味がない,2,974
遅くてもいいじゃない人間だものー,2,975
みゆきちゃん天然かな？,2,976
模倣かな？,2,977
なんやこの構図の連続......,2,978
関西人はタダに弱いからね,2,979
ほんと継続だけは強い,2,980
その「格安sim」のラスト1マイルインフラはどこが持ってるんだ?ということを考えて言おうね。,2,981
精神崩壊かな？,2,982
お前がヤれるわけない　愛想笑いで終了,2,983
流石に編集雑だわ,2,984
ドニーのくせにサモみたいな見た目してんなお前な,2,985
単発動画かな？,2,986
プラクティスかな？,2,987
学校の先生ってすごい,2,988
錬金釜「このデブ何なんだよ邪魔くせえな」,2,989
動画撮ることにも素人なんだろ察したれ,2,990
小学生がいるな・・・,2,991
自分の方がうまいというそんな玄人さんは見なくていいんだぜ？,2,992
己が魔羅で尻をするということわざがあってな,2,993
セーフガードの職員かな？（ＢＬＡＭＥ！並感）,2,994
カメラマンのせいでしょ!？違うかな！,2,995
もう動画あげないんですかね？v・。・v,2,996
そりゃただ勝つだけなら凡人だろう,2,997
これＮＡＱさんのひき弱いんだよね？実際は当たるよね？,2,998
これはガバガバですわ,2,999
これは一人プレイですか,2,1000
幸せそうでなにより,2,1001
武器は良いけど本人のレベルが低い的な,2,1002
マイクオンかな？,2,1003
皆よくこんな奴に従うね,2,1004
元気そうで何より,2,1005
GJだろ、常識的に考えて,2,1006
選択肢にまともなのがないんですがそれは,2,1007
関西だとこれが普通だからなぁ・・・,2,1008
病院行け！,2,1009
一人でレースしてるのかな？,2,1010
相手の手札見ながらは流石になぁ………,2,1011
ブレイクコアかな？,2,1012
1番難しい(小学校の理科レベル),2,1013
だから暇なんだろうな,2,1014
糞真面目な奴が一番損するってそれ一,2,1015
死にたがりか,2,1016
何も買わずにイートインコーナーを利用できる人って、すごいよね。 きっと、大らかに育ててもらったんだね。,2,1017
売名してこの再生数、さすがっす＾＾,2,1018
さっきなんのスイッチだろって言ってたくせに,2,1019
殺人者にも愛情深いですよ。,2,1020
ファン、空気読め,2,1021
いつものさくや,2,1022
どうせサーベルなんぞつかわん,2,1023
だれでもよけられそうｗｗｗ,2,1024
暗殺者っていっても、どこぞの伝説の暗殺者()みたいなものいるしなぁ,2,1025
最近並ぶ事皆無になったからこれが普通なのか,2,1026
白羽の矢は刺さるものではなく立つ物じゃ。歴史より先に日本語の勉強が必要なのじゃ,2,1027
自称日系,2,1028
お前らが生きてること自体ミスみたいなもんなのによく人のミス叩けるな,2,1029
ゆってないから滲み出るくっそ哀れな知能指数恥ずかしくないんか？,2,1030
初心者なんだろ（適当）,2,1031
下手なUTAUよりも歌詞が聞き取れる,2,1032
服前回とおなじだけどオシャレだね,2,1033
掛け声いらんわ,2,1034
←そんなくっさいセリフ言って恥ずかしくないの？,2,1035
すげえ店だなｗ,2,1036
隠れがちのクソキャラくんオッスオッス,2,1037
いい性格してる,2,1038
削減するとか言い出した鳩ポッポがおかしいだけのはなし,2,1039
さすが先輩,2,1040
工場が海外に移転しただけ,2,1041
いつもの,2,1042
あわよくば有名になりたいとでも思ってんの？,2,1043
全部人形劇とでも言う気か？,2,1044
 そういえば明智白髪だけど歳なの？,2,1045
コロナは日本人の考えを改め、諸外国の考え方を学べる良い教材になりましたね,2,1046
さすが進学クラスｗ,2,1047
単純でうらやましい,2,1048
関係ない実況者の名前出すの寒いなぁ...,2,1049
再生数どうされたんですか？事故ですか？,2,1050
相手の手札見ながらは流石になぁ・・・,2,1051
小学生ですか？,2,1052
ファン多くて当然でしょ笑　それに、こんぐらい声かけないとライブにならないよ？？,2,1053
中学レベルの知識があればわかるだろうに・・,2,1054
内政で興奮する変態のイメージが強いけどそれニコニコのできる夫だわ,2,1055
KENのセミナーによく顔出してる奴だろ 全然気持ち良さ伝わらんけど,2,1056
薔薇族に失礼,2,1057
ファンやば!　←それな,2,1058
淫夢もこんなのばっかになったね,2,1059
普通に歩く変態,2,1060
残念なメイドだなぁ,2,1061
ジオングがミニマムサイズの時点でお察し,2,1062
高価格の端末を無料かのように契約させるからこうなる,2,1063
売名したのに有名になれなかった雑魚ってマジ？,2,1064
調べて面白いと思えるわけがないだろこいつらの頭で,2,1065
ちょいちょい神格化しすぎな奴いんな,2,1066
いつの時代の話なんですかねぇそれ,2,1067
画質悪すぎ。初心者かな？,2,1068
語彙力,2,1069
このシリーズはいくら貰ってやられてるんですか？,2,1070
YouTubeみたら喋り方も商材もケンの真似しててワロタ,2,1071
あほが・・・・,2,1072
聞いてる分にはオシャレだけど実際は・・・,2,1073
病院行け,2,1074
ここだけはうまいな,2,1075
スペックだけは良い,2,1076
↑何で？応援してるんだよ？掛け声うるさい　とか　掛け声いらない　とか最低すぎw,2,1077
ボイスドラマのくせに一切声使われないとか恥ずかしくないの？,2,1078
市場の荒波を掻い潜ってきた企業に民主主義政府はなんもできんよ。企業も国民なんだし,2,1079
顔かわった？,2,1080
タイムアタックかな？,2,1081
うまく並べん幼稚園生みたいww,2,1082
意味のないこだわりは捨てたほうが身軽になっていいよ。,2,1083
幼稚園だ...,2,1084
さっきニキの内番の袖出したときにひっかけたのかな？,2,1085
生真面目な人は順路で戻るね,2,1086
左端のはイタリア編に出てきた奴らかな？,2,1087
演舞かな？,2,1088
新鮮すぎる,2,1089
ある意味正しい姿ですね,2,1090
よく考えるとホモで釣るというのもおかしな話だ,2,1091
観光ツアーかな？,2,1092
声かけがないと、困ると思うよ？笑,2,1093
イケメンなら対応が違うんだろな,2,1094
帰国子女かな？,2,1095
土下座はまだですか？ありえないおばさま,2,1096
ダメンズかな？,2,1097
うーん、これはギアーズ幼稚園児ｗ,2,1098
幼稚園みたいwww,2,1099
容赦ないマジレスといいまわしで草,2,1100
貴様何にもしてないくせにｗｗｗｗｗｗ,2,1101
消費者に騙して不利益生じさせまくってるのによく言うよ,2,1102
アメリカ人の開き直りっぷりは異常,2,1103
おもろいのはおもろいんやけどね,2,1104
どこが可愛いのか…,2,1105
むしろ利用料金値上がったのに還元？,2,1106
見た目だけはふさふさやった,2,1107
実際詐欺みたいなもんだからええやろ,2,1108
ある程度いろんな絵を見ててもらわないと説明してあげることすら出来ないんだよなあ,2,1109
韓国みたいな歌だな・・,2,1110
で、考える頭無いから爆発オチっていう安直なネタしかでてこない。,2,1111
相手の手札見ながらは流石になぁ……,2,1112
楽しいけど…,2,1113
比較的静かだね,2,1114
山椒魚かな？,2,1115
逃げるトカゲを騙し討ちのように近付いて倒すのが王の儀式なんですね・・・,2,1116
いい服のセンスしてますね,2,1117
金田一は子供向けなのかな？,2,1118
我慢して持ってたら助かってたのに・・・,2,1119
いつものホラー粘着おじさんじゃないか、呆れるなぁ,2,1120
だめだこりゃ,2,1121
おもしろいのに,2,1122
人の作品に頼るのか,2,1123
アメリカ国民かな？,2,1124
明智が鼻で笑うレベルのトリック,2,1125
前奏長いし、ダレてる。再構築っつーかグチャグチャにしただけって感じ,2,1126
中には５歳児かな？,2,1127
音楽が流れるだけ,2,1128
スト子はエンターテイナーだな,2,1129
あなたの服のセンスって流行に流されずに個性的ですね。,2,1130
声きれいですね,2,1131
この人ほんとにクスリやってない？,2,1132
これはどちらさんの放送？,2,1133
まるで安い怪獣番組でも見ているかのようだった。,2,1134
凡百の屑は全員パパパッと殺して…オワリッ！,2,1135
犯人の頭がいいことだけは分かった,2,1136
はいはいｗ,2,1137
掛け声いらん！！！！！,2,1138
うみこってクレー射撃とかやって・・・。あ！賃貸物件じゃ所持許可出ないな！,2,1139
よくある事自体問題だと思うんですが・・・半島じゃあるまいし・・・,2,1140
D．屋上で刃傷沙汰を起こす,2,1141
自称名人まじカッコよくないからコメしないでくれw,2,1142
ソロプレイかな？,2,1143
やめりゃいいじゃんw,2,1144
よかったな、お前の思い通りになって...,2,1145
動きぎこちないな,2,1146
BGMのセンス皆無なのはもこう意識してるん？,2,1147
相手の手札見ながらはさすがになぁ……,2,1148
相手の手札みながらはさすがになぁ…,2,1149
お金でももらってんの？,2,1150
IQ50くらいしかなさそう,2,1151
弱いだけの人間に魅力があるとでも？,2,1152
どこも置いてなさそうな台だな,2,1153
日本人だったらいいのにな,2,1154
さすが自称バランサー様やで,2,1155
ゴッドの前半の暴れっぷりは気持ちよかった,2,1156
下手くそ二人が仲良く脱落して僕満足！,2,1157
ロリコンレズ野獣先輩姉貴は何色でこめんとしたらいいんですかね？,2,1158
無礼者かな？,2,1159
あなたのアイデアが認められるなんて、会社の役員も勇気がありますね。,2,1160
向こうも弱くはないはずなんだけどなぁ…,2,1161
久しぶりにマイリス多い,2,1162
主人公だから仕方ない,2,1163
いいたいだけだろ,2,1164
ここの従業員どうしょうもねぇな,2,1165
誰だよとかエアプ丸出しで草　恥ずかしくないの？,2,1166
また君かぁ、やめたら？まだ投稿してる人の作品を釣りに使うの,2,1167
あなたが時間より遅れてきてくれたからじっくりと考え事ができました。,2,1168
臨時休校すれば鎖国もすれば？,2,1169
恥を見に来ました,2,1170
まぁ、２０歳児さんですし。,2,1171
何で皆、文句ばっかりいうの？？あきれるー笑,2,1172
今週刊で描いてる人で総合力で凄い人って全然いないな。月刊なら幸村誠とかいるんだけど,2,1173
たのしそうだな,2,1174
誰でも分かるんだよなぁ･･･,2,1175
この前の怪文書と大違いっすね…,2,1176
演出はいいんだよなぁ,2,1177
お笑い芸人かな?,2,1178
マスク２枚ありがとうございます,2,1179
口パクやめろ、ちゃんと歌え,2,1180
これ勝つ気ねーだろ,2,1181
この発想は無かった,0,1182
なにこれ綺麗,0,1183
ナイス編集,0,1184
素晴らしい,0,1185
ここすき,0,1186
名曲だね,0,1187
これ名シーンだよな,0,1188
行く手間が省けた,0,1189
この開発者ほんとうに殺してえｗｗｗｗ,0,1190
おいしそうだな,0,1191
よく出来てるなあ,0,1192
え、普通にうまいやんｗ,0,1193
最後面白いよ,0,1194
買って損は無い,0,1195
コメント、初め！！,0,1196
新コメントはまだかな,0,1197
皆うまい,0,1198
もっと評価されていいはず,0,1199
あまりお勧めできない,0,1200
いつも参考にしています,0,1201
ありがとうございましたー,0,1202
参考になります　おつです,0,1203
勉強させてもらいます,0,1204
調べりゃすぐに分かる事だけど、実際失敗して覚えるのも悪くないと思う,0,1205
良いね、合ってる！,0,1206
選曲いいね！,0,1207
不安定なのは仕方ないだろプロじゃないんだから。,0,1208
私もこういう声だったらなぁ,0,1209
これ絶対美味しいよw,0,1210
たまにこのパターン仕掛けてくれないかな,0,1211
ほうほう,0,1212
心地いいな,0,1213
よいねぇ,0,1214
めっちゃいい・・・,0,1215
やさしいうただなあ,0,1216
あたたかいなあ,0,1217
うぽつー,0,1218
ドヤ顔ｗｗｗｗ,0,1219
おおっイケメン,0,1220
すごいなぁ,0,1221
なんかすごい！,0,1222
修正しました,0,1223
歌詞の文字細目が良いかも,0,1224
びっくりしたわｗ,0,1225
画像かわいい,0,1226
おめでとおおおお,0,1227
コメが消えたw,0,1228
みとれたんよ,0,1229
いってやるなｗｗ,0,1230
うぽつです,0,1231
色んなテーマがきちゃったな,0,1232
すっかり有名人だなｗ,0,1233
なんでエアコン切れてるの？,0,1234
ちゃんと生命保険かけてるんやな,0,1235
母親なんてこんなもんだよな,0,1236
そう言う事かぁ,0,1237
すげー,0,1238
ものすげぇｗ,0,1239
大きくなったなー,0,1240
今の当てるとかやべぇｗ,0,1241
謎の急展開ｗ,0,1242
お疲れ様です！,0,1243
かつらじゃねーよｗ,0,1244
面白いよ,0,1245
マジですかｗｗｗ,0,1246
ええんやで,0,1247
表情いいなぁ・・,0,1248
ステージからしてかっこいい,0,1249
すごく面白かった,0,1250
規則だからね,0,1251
きめ台詞,0,1252
すげーいい人だねw,0,1253
焼肉だと・・・,0,1254
いつごろの映像じゃ,0,1255
へんゅうｗｗｗ,0,1256
すげぇ,0,1257
ブロックが反射してるの綺麗だな,0,1258
やっぱりお前かww,0,1259
おおおおおおおお,0,1260
原作知らんけどこれは凄い,0,1261
美しい・・・！,0,1262
これは伸びる,0,1263
このへんがヤバイ,0,1264
もうこれオリジナルこえたよ・・・,0,1265
酔ってきた,0,1266
動きやめろｗｗｗ,0,1267
素直に感心するわ・・・,0,1268
なんかいるw,0,1269
ぱねえＷＷＷＷＷＷＷＷ,0,1270
確かに新築っぽいなw,0,1271
光沢すごい,0,1272
モーションなめらか,0,1273
表情細かくていいなぁ,0,1274
なんか外国っぽい,0,1275
お洒落だなぁ……！,0,1276
きれいな声ｗ,0,1277
めちゃ好き,0,1278
かっこいい！,0,1279
ぬるぬる動くよ,0,1280
何これすごい！,0,1281
地味に怖い,0,1282
こいつとか言うなｗ,0,1283
サムネｗｗｗ,0,1284
ちょい声小さい,0,1285
ノリが軽い,0,1286
シンクロがやばい！,0,1287
感動しました！！,0,1288
コレは伸びろ！！,0,1289
心が踊る！,0,1290
毎回思ってたww,0,1291
そういうオチかw,0,1292
これはきついw,0,1293
しょ、しょうがない,0,1294
たどり着いてしまったｗ,0,1295
まさかのｗｗｗ,0,1296
むむむ・・・,0,1297
マジかよ・・・,0,1298
よろしくおねがいします,0,1299
おつですー,0,1300
決まったのかｗｗｗ,0,1301
これは面白そうな対戦,0,1302
たまんねえ,0,1303
楽しみにしてますんで、頑張って！,0,1304
実況しないの？,0,1305
こけっこー,0,1306
この曲いいよなあ,0,1307
好きだわー,0,1308
どういうこと？,0,1309
なんか暗い,0,1310
そんなのわかるかよ～,0,1311
逆走できるんだw,0,1312
ハイリスクでの勝利は嬉しいねぇ,0,1313
最高の映画だったぜ！,0,1314
なぜ伸びないんだ・・・！！,0,1315
見た目がかわいい,0,1316
なぜやろうとした,0,1317
みんな寝てるw,0,1318
せ、先生…,0,1319
最強か,0,1320
フェイント,0,1321
言い方w,0,1322
馬鹿でかい,0,1323
神曲じゃねーか,0,1324
プリズム面白かったわ,0,1325
神だあ,0,1326
歌がシリアス,0,1327
意味が深いｗｗｗ,0,1328
上手いな。,0,1329
もっと評価されてもいいと思う,0,1330
これは嬉しい,0,1331
結構面白そうなんだがｗ,0,1332
シュールだなぁw,0,1333
新感覚すぎるwwwww,0,1334
お疲れ様でした,0,1335
かわええええ,0,1336
キャラはまりすぎｗｗｗ,0,1337
ほんとにやってそうｗｗ,0,1338
あなた様の絵大好きです,0,1339
よいしょおおお,0,1340
草しか生えない,0,1341
いやがらせｗ,0,1342
黒いｗｗｗ,0,1343
いつも食ってんだろｗ,0,1344
ｗｗｗｗｗ,0,1345
ここゾクッとする,0,1346
好きな雰囲気です,0,1347
元気だなぁw,0,1348
強いな,0,1349
今度も飛行機は作ってもらう,0,1350
抱き枕なんとかしろｗ,0,1351
新キャラはいないのね,0,1352
余裕だね～,0,1353
うごけないてき,0,1354
あぶねええ,0,1355
ひどすぎるｗｗｗ,0,1356
カンペｗｗｗ,0,1357
この機能便利ですよね！,0,1358
食べました！！！,0,1359
いいくるまですよね！,0,1360
いいんですよね！,0,1361
楽しそうでいいですね！,0,1362
いい話聞けてうれしいですよ！,0,1363
また次楽しみにしてます！！,0,1364
厳つい顔してるなぁｗ,0,1365
まさにスーパーカーでしたね,0,1366
かっこいい･･･。,0,1367
角が気になって仕方ない,0,1368
みつめる,0,1369
ジャケットも好き,0,1370
不思議な感じの曲,0,1371
うれてるな～,0,1372
服が気になって仕方ない,0,1373
ルパンっぽい,0,1374
お疲れさまでした～,0,1375
当たり,0,1376
相変わらずすばらしい高音,0,1377
本当、良い声大好き！！,0,1378
お、衣装変わった,0,1379
絵がへただ,0,1380
うまそうｗｗｗｗｗ,0,1381
ワカメｗｗ,0,1382
うまそおおおおお,0,1383
朝からハンバーグ,0,1384
花札のBGM,0,1385
前よりキレがある,0,1386
うぽつ,0,1387
やばい，萌える,0,1388
笑顔が素敵ー！,0,1389
かわいい,0,1390
またおてつだいｗｗｗ,0,1391
さすがレンジャー,0,1392
お腹出してるからね,0,1393
だなｗ,0,1394
人参みたいだな,0,1395
対応が大人やなｗ,0,1396
バランス乙,0,1397
おてつだいかｗ,0,1398
聞こえなーい聞こえなーい,0,1399
しびれるキック！,0,1400
あ、こんばんは！,0,1401
よく遊んでね,0,1402
4個だよ,0,1403
おｋ,0,1404
おおお,0,1405
でかいｗ,0,1406
素晴らしい,0,1407
今のはどうなの？,0,1408
すごいがんばったなｗ,0,1409
体かたいのか,0,1410
可愛いｗｗｗｗ,0,1411
まってました！,0,1412
おつかれさまー,0,1413
なにこれかっこいい,0,1414
さすが師匠やでえ,0,1415
やめて,0,1416
真ん中うま,0,1417
女の人かわい,0,1418
うまいなこいつら,0,1419
まさかな,0,1420
こりゃあかん,0,1421
これは泣ける,0,1422
乙でした,0,1423
桜だー,0,1424
おおおお,0,1425
バトル見せてよー,0,1426
でかした,0,1427
絵は慣れる,0,1428
マジレスすると、長時間の「人」の並びが禁止されている地域がある,0,1429
久々に演奏してみたですごいと思った,0,1430
ヨーカドーくっそwwwww,0,1431
一言もしゃべらない伽羅ちゃんwww,0,1432
主コメそれなw,0,1433
プレゼント(ソフィア)と寝る(意味深),0,1434
ルー↑,0,1435
いい表情なさる,0,1436
本物ボーナスが別抽選のわけねーだろ,0,1437
動きでわかる,0,1438
放火魔持ちは心情安定でもたまに派手にやるんじゃなかったか？,0,1439
カリがでかい,0,1440
クロが頭良いwww,0,1441
どうしてそんなもんがｗｗｗ,0,1442
向こうから近づいてくる分にはやれる,0,1443
かまたま？,0,1444
ウォーカーに気をとられてるんやろ,0,1445
リヒたんまじ天使ッスね！！,0,1446
し、しんどい,0,1447
馴れ合わなからちゃん,0,1448
せんせーww,0,1449
ＥＤでまだ結婚させようとしてるトロデにも問題ある,0,1450
5位をめざす♯☆♪□※ｗｗｗ,0,1451
それはない・・・・,0,1452
信之助～,0,1453
上手かったのに残念だ・・・,0,1454
今回MVどれも凝ってるね,0,1455
粒ｗｗｗ,0,1456
踏まれて目ぇ覚ましたんやな,0,1457
って言うか、居たなんて、本当に、強烈だっ！、,0,1458
携帯（通話のみ）だなｗ　教養１が,0,1459
そうだとしても、か　殺す気は無さそうだな,0,1460
マジうれしかったんだな,0,1461
大都の直営店で10がイベ日,0,1462
うん、これは、,0,1463
結局出たら楽しいっていうタイプの人間だしなやるお,0,1464
わ,0,1465
パスゼロ思い出した,0,1466
改型をカイ少佐に渡しちゃうと、イルムは弐式になりがちな気がする,0,1467
うっかりだけどやる夫指揮能力有能ってみえていいなｗ,0,1468
なんですか、これw,0,1469
食べなれたネタを思いだそう。,0,1470
すでに笑えてくる,0,1471
逃げんなw,0,1472
あ・・・（察し,0,1473
まず疑われることでもない,0,1474
そして結び,0,1475
終わりだよー^ ^,0,1476
都市迷彩にしろよｗ,0,1477
特大とは,0,1478
馬鹿野郎！なんでこんなこと書いた！,0,1479
この人ほんとうまいからもっと評価されてくれ,0,1480
家に来なくなるのが先じゃない？,0,1481
普通フェアリー攻撃からのシンシア進化だよなあ,0,1482
さすが！！！,0,1483
設定なさそう,0,1484
近代でも普通選挙が広がるにつれて、宗教系政党が隠然とした力を保持した。一人一票の弊害かねえ。,0,1485
ここだれ？,0,1486
ええこや,0,1487
( ﾟ∀ﾟ):∵ｸﾞﾊｯ!!,0,1488
融合の方は、自身の効果で直接攻撃できないぞ,0,1489
術も全部資質あるんだよな,0,1490
この解説のように日本は代り映えしないけど米国は凋落してるという勘違いが日本のデフレの原因かもしれない,0,1491
この表現すこ,0,1492
はいここ笑うところですよー,0,1493
、,0,1494
鼻から忠誠心が・・・,0,1495
これジオンのが確立当たりやすく設定されてないか？ｗ,0,1496
二号機さっきからなんもしてねーじゃんかｗ,0,1497
LV1頭部のジョイント部分が肩バルカン砲かセンサーみたいに見えるなあ,0,1498
ﾊﾔｵｸﾘすき,0,1499
おばあちゃんみたい,0,1500
分断されちまったか。面倒だな,0,1501
狛枝ぁぁぁあああ！！！！,0,1502
また新人さんか！？,0,1503
腐ってる奴は腐ってる某所みるのがいいよ,0,1504
いいところ大丈夫,0,1505
ふーむ,0,1506
クレムにはリーがインストールされてるからな,0,1507
なんかイメージ変わったわwww,0,1508
もずく,0,1509
今後の台と考えたらね,0,1510
なんか漏れたかなー　これは惜しい,0,1511
今日参加者強者多いな,0,1512
久しぶりにほらね？見たわ,0,1513
まだ復活かるんだけどな,0,1514
裏「One and Only」みないなMV,0,1515
抱きつくのも見てみたかったw,0,1516
ヘッドショット率高いなー…ナイフも相まってノーダメでも行けるんちゃうか,0,1517
こいつらいつも一緒に寝てんな,0,1518
エアガンぶっぱなすのは,0,1519
あ…((察し,0,1520
音声も左右ふってるのか,0,1521
確定って言えないんだよ・・外れないよな？,0,1522
　手厚いサポート＝月額料金に上乗せされてるのがメガキャリア,0,1523
消えたら回復するだけだしな,0,1524
たしかになあ,0,1525
一緒にやってみたいなｗ,0,1526
俺も洋館行って瀕死になってくる,0,1527
いや前髪あるとね…だったかな。たぶん,0,1528
ひっでえな,0,1529
気分は high high high,0,1530
謎の感動,0,1531
総務省じゃなく、キャリアがおかしいだけだろこれ,0,1532
毒状態になってるからですよ。,0,1533
強くなければ生きられない、優しくなければ生きている価値がない,0,1534
絶対結婚するぅぅ,0,1535
バナ山さんすごいもんね…,0,1536
プレーシャー縛りかな？,0,1537
くそおもろい,0,1538
カカッ♪,0,1539
今作PC版も人いっぱいいて良いよな,0,1540
完成版だね,0,1541
なにこのイケメンマジ天使,0,1542
それと電卓,0,1543
さすがうたづきさんハラハラ楽しませてもらいました,0,1544
とてもチモシーの人とは思えない,0,1545
きちぃ,0,1546
つすくる,0,1547
かわいいよ,0,1548
教養のあるゴリラやな,0,1549
生田いいじゃん,0,1550
これはマイリスww,0,1551
ステゴーっす,0,1552
それこそドリキンの86レベルやな,0,1553
watch dogsかな？,0,1554
ひっでー店,0,1555
ソフィアのせいで寝込んだみたいに見える,0,1556
でも以前の様にやたら怯み転倒しなくなったから凄く戦い易くなったね,0,1557
椅子になりたい,0,1558
歌い手俺得,0,1559
フラグか,0,1560
歌えそうwww,0,1561
スタッフに言えｗ,0,1562
べっこり字幕,0,1563
ハイレグはともかくセレブだと見抜くハーケンｗ,0,1564
クスリやってんのかって面だな,0,1565
二万以上負けから新基準は,0,1566
さすがとしか,0,1567
うたってるからだよw,0,1568
ゼノンきつそう,0,1569
痛い子の特等席先生の横ｗ,0,1570
バケゆか…,0,1571
(伽羅ちゃん、声だしてこーぜww),0,1572
うみごん似合ってない,0,1573
バイバインかな？,0,1574
すごいなここ,0,1575
アロセはガチムチ女子のイメージ,0,1576
最後やらかしたなーこれ,0,1577
強いね,0,1578
野中ぁぁぁぁぁぁ！,0,1579
♪～♭～♪～,0,1580
エーベックス感！ガンダム！,0,1581
緊張化,0,1582
どこで使い方を習った？→説明書を読んだのよ,0,1583
←超欲しいんだが,0,1584
‹‹\(´ω` )/››‹‹\( 　´)/››‹‹\( ´ω`)/››~♪,0,1585
また君か...壊れるなぁ...,0,1586
ナイスヘッショ！,0,1587
うｐしました,0,1588
これアドリブってすごいわｗｗ,0,1589
より負けるだろ,0,1590
おっふお,0,1591
何かあるたびにキレそう言ってて草,0,1592
ねねごん,0,1593
リメイクには残虐ENDあるんかなぁ？,0,1594
今度現れたら金たま縫い合わす,0,1595
「ねえ？Maybe Melty？」,0,1596
ゆんｗ,0,1597
くそわろたｗｗｗｗｗｗｗｗ,0,1598
さすがやな,0,1599
増えてるってかさっきから一瞬だけ反応してるぞ,0,1600
ん？なんだって,0,1601
もんじゃ？　ストⅤの話？,0,1602
覚醒吐かしたし勝確しょ,0,1603
甘デジはよ,0,1604
ＣＯ２減らすことは良いことだという先入観が危険なんだ,0,1605
←わろた,0,1606
おお！総天然色や！,0,1607
小学生かwww,0,1608
忍び学生ごときが！,0,1609
みてくださいよこのガタイ！こんな強そうなガタイしてる人が非力なわけないじゃないですか！（閉廷おじさん）,0,1610
ぱちぱちー,0,1611
普通に笑ったわｗ,0,1612
911,0,1613
この歌好き,0,1614
ホームビデオみたいで素晴らしい調声だった,0,1615
俺はそうだねだな,0,1616
どっちもどっち,0,1617
まあ当たった事無いけどね(｡･ω･｡),0,1618
今後のモチベのためにEntyで支援してください！,0,1619
ドラマは初期とシーズン5でやってたな,0,1620
とびだせ常識(キズナ),0,1621
あーなるほど 加速してるのか,0,1622
よっさんから,0,1623
会長ほんと成長しないな,0,1624
もう笑ってしまう,0,1625
なんじゃこれ,0,1626
なんだこれw,0,1627
大ちゃん頑張ってる,0,1628
upotu-,0,1629
ダニどみ,0,1630
押っ忍,0,1631
放火熱心,0,1632
はやすぎ,0,1633
最近の電通ビルですか,0,1634
Zがガン追いされてZZ放置なんだから被弾しなくて覚醒なんてたまんねぇんだよなぁ,0,1635
一緒に寝てるｗｗ,0,1636
毒・・・,0,1637
あっ…（察し）,0,1638
あ、群れの中歩けるじゃん･･･,0,1639
金のお風呂っ!,0,1640
ケニーとルークは組めそうな気もするが,0,1641
５５　ジェイソン・スタンリッジ,0,1642
くいぎみワロ,0,1643
このカードはヤフオクかな,0,1644
もうMVNOでええやん,0,1645
鞘師ありがとうｗ,0,1646
かまたまうどんっぽい,0,1647
あれはいいんちょうのはず,0,1648
最近マジでおもろいぞ,0,1649
音葉さん…指揮…ケーキうっ、頭が…,0,1650
ムゲフロだともっとひねりの聞いたあだ名が多かった気がする,0,1651
ジル編だとグレネードランチャーが取れる,0,1652
うまい！！,0,1653
タワー戦でエレシュキ投げて主一回死んだらマナためでいい。うまい相手ならエステルにブラムス覚醒が間に合わない,0,1654
清々しいまでの辛辣さw,0,1655
乳首見えてるし怪しいよなぁ,0,1656
きんたま～,0,1657
アスランはおもちゃじゃない！(脊髄反射),0,1658
知ってたしｗ,0,1659
ヤ・ス・ア・キ！！,0,1660
やる気満々。,0,1661
ぽんぽーーーん！！！,0,1662
こんなにスタイリッシュな薪割りは見た事がない,0,1663
結構な代物が幻想入りしたな・・・結界大丈夫なのかね？,0,1664
なんでMVNOという選択肢を取らないのか,0,1665
21世紀は、悪魔と悪党達の消滅時代。,0,1666
あんた今、夢を見とるな？,0,1667
何このかす,0,1668
迷彩の出番やな,0,1669
2位が近いなら巻き込み狙った方がよくないか？,0,1670
論より証拠,0,1671
にどみさんをすこれ,0,1672
まほいくかーい,0,1673
数が減ってたら気づくと思うけどな,0,1674
またトランシーバーか…,0,1675
お ま た せ,0,1676
クーさん！！,0,1677
このゲーム、ダルマにできるんだよなぁ,0,1678
かわええ,0,1679
ほっぺぷにぷにしたい,0,1680
なるほどね,0,1681
うｐありがとうございます。,0,1682
タナカちゃんは仕事できる女って感じがする,0,1683
普通そうだと思いますよｗ,0,1684
これ、毎回ちゃんと電話出てたら、展開違ったのかな？,0,1685
アイテム取り忘れないの？,0,1686
右下じゃなくて左上だろ,0,1687
スカウトされなくてもいけるぞ,0,1688
入賞だから問題無いよー,0,1689
レベルアップーおめでとー♪,0,1690
最近このシリーズが寝る前の日課,0,1691
そりゃ、救国の英雄様とかだろうねぇｗ,0,1692
どこぞの事務員かお前はｗ,0,1693
お～、俺も犯人気になってたからこれは嬉しいｗ,0,1694
これは現在の貨幣価値で五千万円程の金額である,0,1695
ソーサラーレベル上がると嬉しいんだよなぁｗ,0,1696
いきなりオーバーを計算に入れるなｗｗｗ,0,1697
うちらはセッション終了後にレベルアップしてたっけ,0,1698
中の人も家出状態だからな,0,1699
ファイター辺りが兼業したほうが効率いいんだよなあ,0,1700
36回に１回くらいは、今日みたいな日もある,0,1701
一気に戦力上がったな,0,1702
そもそもが中級者ですら厳しい内容だからなwww,0,1703
このぐらいしないと生活費で詰みそうだしね,0,1704
お嬢様は遊びは全力で楽しむタイプだね,0,1705
現金じゃないから割増してあげたのね,0,1706
コンセプトは変わらなくても印象は変わったはず,0,1707
おおまだ車体残っているんだ,0,1708
溜めてうまく売ったな,0,1709
古木より応援歌にあってる,0,1710
坂口は身体を上手く回転させるからね,0,1711
こりゃ今の時代放送できんなｗ,0,1712
もしかして今溶けたのもブレスレットの力？,0,1713
始めて見たウルトラマンがこの回だったｗ,0,1714
大事な事なので2回分放ちました,0,1715
何このきれいな声,0,1716
このタイミングで召喚できてれば勝ってたのか,0,1717
おつかれさまー,0,1718
宇治金時が食べたい,0,1719
魔法の減り早っｗ,0,1720
何回くろてんねん,0,1721
ひびによく気づいたな！！,0,1722
そろそろまじで回転斬りしろや,0,1723
ふりかけタイム,0,1724
目には弓じゃないのか？,0,1725
暖かくなってきたねー,0,1726
ブロック動かせば出るよ,0,1727
盾の位置を把握してないな,0,1728
連打する癖を直さないと,0,1729
なつかしい。ここは難しかった,0,1730
クリアできる気がしないな,0,1731
むしろあたってないｗｗ,0,1732
これ知らなかったああああああ,0,1733
鍵はこの部屋にあります,0,1734
しばらく逃げ回ってたら消えなかったっけ?,0,1735
期待通りの反応ｗｗｗ,0,1736
ここ複雑なのがなあ・・・,0,1737
そうか、ミラーでいいんだな,0,1738
ここは俺はかなり辛かった,0,1739
姫だと主人公の師匠で没後なんだよね,0,1740
安心と信頼の島津ブランド,0,1741
月謝６０００円ってとこかな？,0,1742
ゲストが多いｗ,0,1743
よかったねｗ,0,1744
まずぶつかってくるのありえね,0,1745
ぜんぶみたい,0,1746
何でもありだな,0,1747
レベル１で大丈夫かな？,0,1748
なかなか好きだけどベース気になる,0,1749
風船ぶら下げとるがな,0,1750
ベース真ん中にしてくれ,0,1751
飽きるまで長すぎｗｗ,0,1752
足場がわれてる,0,1753
どういうことなんだ,0,1754
そんなことないぞ！！,0,1755
これはいいなｗ,0,1756
お借りします！,0,1757
ちょっとキャラの持ってる能力忘れすぎじゃね？,0,1758
隊長登場ｗｗｗｗ,0,1759
そういう時は合流するか、援護攻撃,0,1760
同じようなデモはオフしないとクリアまでもたないかもよ？,0,1761
また無意味な博打をｗｗｗ,0,1762
補給すれば使える、気力は減るが,0,1763
俺が勇者だ！,0,1764
零式やジガンに比べてってことじゃない？,0,1765
カスタムですからｗ,0,1766
前に使わなかったけ？,0,1767
命中率マイナスだし必中は必須,0,1768
コーラスいいなほんと,0,1769
聴いてて気持ちいいな,0,1770
ここえらい走るな　そういうもんなんかな,0,1771
黄色いな,0,1772
私も神だ,0,1773
妖怪なのかｗ,0,1774
２回目期待するからねw,0,1775
なつかしいなー,0,1776
オープニングが神曲すぎる！！,0,1777
ちょとむりやりすぎだな,0,1778
ここの押しづらさはない,0,1779
ほんとこれクリアできない・・・,0,1780
わははははは,0,1781
おっと、出番か？,0,1782
選抜試験かな,0,1783
参考になりました,0,1784
キタキター！！,0,1785
この曲待ってたぜ,0,1786
始めて見たｗ,0,1787
やれやれだぜ,0,1788
ないない,0,1789
がんばれｗ,0,1790
もっと速く走れるよ,0,1791
ぐるぐるすんなｗ,0,1792
いいよねこの音楽,0,1793
クラウドはもっと力任せだと思ふ,0,1794
更新待ってました～！,0,1795
相変わらずあっというまの時間だった,0,1796
ゴールまで頑張ってくれ,0,1797
たしかにねｗ,0,1798
食事中かよｗｗｗ,0,1799
飛ばすわけないじゃないですか☆,0,1800
うぽつ,0,1801
すげぇ平和だｗ,0,1802
すぐ似合います,0,1803
松風有能すぎるｗｗ,0,1804
赤もったいない,0,1805
スキルが凄いことになってきた,0,1806
ブルーアイズ来たな,0,1807
おお、スゲー見やすい,0,1808
電卓うちの学校のと同じだｗ,0,1809
画質いい,0,1810
相手だけで,0,1811
ダントツすぎる,0,1812
照れくさそうなのがいい,0,1813
なんで左側の2を飛ばすんだよｗ,0,1814
すげぇアイテムが来た,0,1815
メンテ良さそう,0,1816
この曲好き,0,1817
なぜつながった,0,1818
つまるところラストゲー,0,1819
ツッコミｗｗ,0,1820
わかるわかるｗ,0,1821
買ってもここに来るｗ,0,1822
このために初めて買いました,0,1823
久しぶりのラジオだ,0,1824
よろしくお願いしますー！,0,1825
なんだいまのｗｗｗ,0,1826
これ国家にしよーぜ,0,1827
夢なら仕方ないww,0,1828
ブレないなｗ,0,1829
いきなりｗ,0,1830
崖のところに狙撃手が一組いまっせ,0,1831
なにした？,0,1832
これが原作か,0,1833
普通の動きなのに笑えるｗｗ,0,1834
いかりん？,0,1835
ハチプロかな？,0,1836
ピラミッドｗｗｗ,0,1837
これPVで使われてたな,0,1838
主人公のテーマで,0,1839
ラスボス戦？,0,1840
こういう疾走感あるのはいいな,0,1841
XPにも似た曲あったような,0,1842
あえてＯＰとＥＤ統一もいいかもな,0,1843
これフィールドにしたわ,0,1844
中ボス戦に使っているよ～,0,1845
これのはやくしたやつ好きだわ,0,1846
これはいいぜ,0,1847
戦闘曲はすべて気に入っています,0,1848
これは村、もしくは町,0,1849
ラストバトルの曲だな,0,1850
これ魔王連戦ゲーで多用してたな,0,1851
やっぱフィールド３だよな,0,1852
ほのぼのしたイベントとかに使ったなぁ,0,1853
いい声だ,0,1854
電池切れとな,0,1855
のびやか心地よいです,0,1856
待ってたぜー！,0,1857
スタート地点か？,0,1858
もうクリアも目前か,0,1859
落ち着きなはれ,0,1860
おまけのが長いｗｗｗｗ,0,1861
俺福岡に住んでる,0,1862
すげえやわらかｗ,0,1863
"野球ゲームは持っていますか?""",0,1864
狙い撃ちされた,0,1865
俺運転する！,0,1866
楽しい映画じゃったよ,0,1867
よくできた映画でした,0,1868
若いから動きに切れがある,0,1869
いつも参考にしてます,0,1870
にやにやがとまらないｗ,0,1871
あいてうまいな,0,1872
次回作も楽しみにしてますよ～,0,1873
流れてる曲のタイトルが知りたい,0,1874
がんばってるな,0,1875
おでんに行きましょう,0,1876
飛行機とおってね？,0,1877
３センチしかのこってない,0,1878
軽い音がいい,0,1879
わんわんお,0,1880
ハサミ系ではこれが一番いい,0,1881
みんなやっぱくるのか,0,1882
耳が幸せ,0,1883
テンポがああああああ,0,1884
全一更新おめ,0,1885
俺なら絶望してる,0,1886
交互うますぎるｗ,0,1887
防御してるのにｗｗ,0,1888
どんな強さかな？,0,1889
戦車から変わらないな,0,1890
これ以上強くなるのかｗ,0,1891
ほかの形態にならないのか？,0,1892
解説ありがとう,0,1893
安定してるね,0,1894
ＨＰどのくらいだろうｗｗ,0,1895
間に合った,0,1896
ミルキー流星群か？,0,1897
バランス調整では,0,1898
コマンド入力じゃね？,0,1899
9999固定,0,1900
安定のずっと俺のターンww,0,1901
歌もPVも素晴らしい！！,0,1902
あのアスラは良かった,0,1903
ぬるぬる動いてたなぁ,0,1904
技も入ってたのが良い,0,1905
キュン死しそうや！,0,1906
よくできてるなあ,0,1907
こういう動画がもっと増えるといいんだけど,0,1908
それは大会での話か？,0,1909
イスの安定感がｗｗｗｗ,0,1910
一人四役,0,1911
聞いてたら楽譜出して弾きたくなった,0,1912
うん壁紙にしたい,0,1913
絵がかっこええから欲しいよ～,0,1914
いい構図,0,1915
これは沁みるなぁ,0,1916
修学旅行じゃない,0,1917
文章が上手いよね！,0,1918
小さな山,0,1919
酒を飲みましょう,0,1920
これはいったい？,0,1921
いい空中投げ,0,1922
店長待ってたー！！,0,1923
動画もいいな,0,1924
3桁記念かきこ,0,1925
鳥肌やばい,0,1926
兄弟愛に泣いた,0,1927
もう泣きそうなんだが,0,1928
